county_effective,barony_effective,parish_effective,townland_linked,page_names,page_num,row_count,subcategory,ends_at_page_bottom,next_page_in_corpus,next_page_first_townland,other_model_has_total
ANTRIM,"DUNLUCE, LOWER",DERRYKEIGHAN,DERRYKEIGHAN,IRE_GRIFF_004_065.jpg,004_065,11,continues_to_unscanned_page,True,False,,False
ANTRIM,"DUNLUCE, LOWER",DERRYKEIGHAN,"BALLYNARRY, UPPER",IRE_GRIFF_004_067.jpg,004_067,4,continues_to_unscanned_page,True,False,,False
ANTRIM,"DUNLUCE, UPPER",BALLYMONEY,BALLYBRAKES,IRE_GRIFF_004_111.jpg,004_111,29,continues_to_unscanned_page,True,False,,False
ANTRIM,"DUNLUCE, LOWER",BILLY,BALLYHEMLIN,IRE_GRIFF_006_022.jpg,006_022,19,continues_to_unscanned_page,True,False,,False
ANTRIM,"DUNLUCE, LOWER",BILLY,CASTLEGAT,IRE_GRIFF_006_025.jpg,006_025,12,continues_to_unscanned_page,True,False,,False
ARMAGH,ARMAGH,DERRYNOOSE,DRUMAGANVER,IRE_GRIFF_018_232.jpg,018_232,27,continues_to_unscanned_page,True,False,,False
ARMAGH,ARMAGH,DERRYNOOSE,FARNALOY,IRE_GRIFF_018_237.jpg,018_237,38,continues_to_unscanned_page,True,False,,False
ARMAGH,ARMAGH,GRANGE,ANNAHAGH,IRE_GRIFF_018_244.jpg,018_244,11,continues_to_unscanned_page,True,False,,False
ARMAGH,ARMAGH,KEADY,LAGAN,IRE_GRIFF_018_272.jpg,018_272,17,continues_to_unscanned_page,True,False,,False
ARMAGH,ARMAGH,KEADY,TULLYGLUSH,"IRE_GRIFF_018_285.jpg,IRE_GRIFF_018_286.jpg",018_286,65,continues_to_unscanned_page,True,False,,False
ARMAGH,ARMAGH,LOUGHGALL,CORR AND DUNAVALLY,IRE_GRIFF_018_309.jpg,018_309,23,continues_to_unscanned_page,True,False,,False
ARMAGH,ARMAGH,EGLISH,TAMLAGHT,IRE_GRIFF_018_319.jpg,018_319,14,continues_to_unscanned_page,True,False,,False
ARMAGH,ARMAGH,EGLISH,NAVAN,IRE_GRIFF_018_322.jpg,018_322,37,continues_to_unscanned_page,True,False,,False
ARMAGH,TIRANNY,TYNAN,ARDGONNELL,IRE_GRIFF_018_400.jpg,018_400,22,continues_to_unscanned_page,True,False,,False
ARMAGH,TIRANNY,TYNAN,MULLANARY,IRE_GRIFF_018_407.jpg,018_407,26,continues_to_unscanned_page,True,False,,False
ARMAGH,TIRANNY,TYNAN,CRANN,IRE_GRIFF_018_412.jpg,018_412,22,continues_to_unscanned_page,True,False,,False
ARMAGH,TIRANNY,TYNAN,CORTYNAN,IRE_GRIFF_018_427.jpg,018_427,54,continues_to_unscanned_page,True,False,,False
ARMAGH,TIRANNY,EGLISH,LISBANE,IRE_GRIFF_018_430.jpg,018_430,5,continues_to_unscanned_page,True,False,,False
LOUTH,LOUTH,LOUTH,CARRICKMULLAN,IRE_GRIFF_024_040.jpg,024_040,7,continues_to_unscanned_page,True,False,,False
LOUTH,LOUTH,LOUTH,MULLAVALLY,IRE_GRIFF_024_052.jpg,024_052,39,continues_to_unscanned_page,True,False,,False
LOUTH,LOUTH,LOUTH,RICHARD TAAFFE'S HOLDING,IRE_GRIFF_024_056.jpg,024_056,64,continues_to_unscanned_page,True,False,,False
LOUTH,"DUNDALK, UPPER",DUNBIN,DONAGHMORE,IRE_GRIFF_024_076.jpg,024_076,33,continues_to_unscanned_page,True,False,,False
LOUTH,"DUNDALK, UPPER",DUNDALK,CARNBEG,IRE_GRIFF_024_080.jpg,024_080,6,continues_to_unscanned_page,True,False,,False
LOUTH,"DUNDALK, UPPER",INISHKEEN,GORTEEN,IRE_GRIFF_024_093.jpg,024_093,17,continues_to_unscanned_page,True,False,,False
LOUTH,"DUNDALK, UPPER",FAUGHART,DUNGOOLY,IRE_GRIFF_024_098.jpg,024_098,35,continues_to_unscanned_page,True,False,,False
LOUTH,"DUNDALK, UPPER",ROCHE,EDENAKILL,IRE_GRIFF_024_117.jpg,024_117,16,continues_to_unscanned_page,True,False,,False
LOUTH,"DUNDALK, LOWER",CARLINGFORD,BAVAN,IRE_GRIFF_024_194.jpg,024_194,34,continues_to_unscanned_page,True,False,,False
LOUTH,"DUNDALK, LOWER",CARLINGFORD,CORNAMUCKLAGH,IRE_GRIFF_024_203.jpg,024_203,41,continues_to_unscanned_page,True,False,,False
LOUTH,"DUNDALK, LOWER",CARLINGFORD,MADDOXLAND,IRE_GRIFF_024_227.jpg,024_227,25,continues_to_unscanned_page,True,False,,False
CAVAN,TULLYHAW,KINAWLEY,"DRUMCONRA, OR LOWFORGE",IRE_GRIFF_027_024.jpg,027_024,7,continues_to_unscanned_page,True,False,,False
CAVAN,TULLYHAW,TEMPLEPORT,DRUMLOUGHER,IRE_GRIFF_027_054.jpg,027_054,21,continues_to_unscanned_page,True,False,,False
CAVAN,TULLYHAW,TEMPLEPORT,KILLYCRIN,IRE_GRIFF_027_060.jpg,027_060,17,continues_to_unscanned_page,True,False,,False
CAVAN,TULLYHAW,TEMPLEPORT,OWENCAM,IRE_GRIFF_027_069.jpg,027_069,9,continues_to_unscanned_page,True,False,,False
CAVAN,TULLYHAW,TOMREGAN,CARROWMORE,IRE_GRIFF_027_079.jpg,027_079,8,continues_to_unscanned_page,True,False,,False
CAVAN,CLANMAHON,KILMORE,CORNAMUCKLAGH,IRE_GRIFF_028_116.jpg,028_116,3,continues_to_unscanned_page,True,False,,False
CAVAN,CASTLERAHAN,CROSSERLOUGH,LATNADRONAGH,IRE_GRIFF_028_141.jpg,028_141,18,continues_to_unscanned_page,True,False,,False
CAVAN,"LOUGHTEE, LOWER",ANNAGH,CREENY,IRE_GRIFF_028_162.jpg,028_162,26,continues_to_unscanned_page,True,False,,False
CAVAN,"LOUGHTEE, LOWER",ANNAGH,ROSSKEERAGH,IRE_GRIFF_028_172.jpg,028_172,22,continues_to_unscanned_page,True,False,,False
CAVAN,"LOUGHTEE, LOWER",DRUMLANE,GREAGHRAHAN,IRE_GRIFF_028_197.jpg,028_197,5,continues_to_unscanned_page,True,False,,False
CAVAN,"LOUGHTEE, UPPER",DENN,CORRAWEEELIS,IRE_GRIFF_028_278.jpg,028_278,26,continues_to_unscanned_page,True,False,,False
CAVAN,"LOUGHTEE, UPPER",LARAH,CORFAD,IRE_GRIFF_028_310.jpg,028_310,4,continues_to_unscanned_page,True,False,,False
CAVAN,"LOUGHTEE, UPPER",LARAH,"TIRLAHODE, LOWER",IRE_GRIFF_028_316.jpg,028_316,19,continues_to_unscanned_page,True,False,,False
CAVAN,"LOUGHTEE, UPPER",URNEY,KILNAVARA,IRE_GRIFF_028_348.jpg,028_348,27,continues_to_unscanned_page,True,False,,False
CAVAN,TULLYGARVEY,DRUMGOON,FOTTLEREAGH,IRE_GRIFF_029_045.jpg,029_045,14,continues_to_unscanned_page,True,False,,False
CAVAN,TULLYGARVEY,KILDRUMSHERDAN,RATRUSSAN,IRE_GRIFF_029_101.jpg,029_101,16,continues_to_unscanned_page,True,False,,False
CAVAN,TULLYHAW,TEMPLEPORT,MONEENSAURAN,IRE_GRIFF_030_043.jpg,030_043,37,continues_to_unscanned_page,True,False,,False
CAVAN,CLANMAHON,DRUMLUMMAN,KILSARAN,IRE_GRIFF_031_026.jpg,031_026,32,continues_to_unscanned_page,True,False,,False
CAVAN,CLANMAHON,KILBRIDE,"DUNGUMMIN, UPPER",IRE_GRIFF_032_079.jpg,032_079,12,continues_to_unscanned_page,True,False,,False
CORK,CONDONS & CLANGIBBON,BRIGOWN,COOLNANAVE,IRE_GRIFF_046_028.jpg,046_028,3,continues_to_unscanned_page,True,False,,False
CORK,CONDONS & CLANGIBBON,KILDORRERY,OLDCASTLETOWN,IRE_GRIFF_046_094.jpg,046_094,35,continues_to_unscanned_page,True,False,,False
CORK,CONDONS & CLANGIBBON,KILDORRERY,SCART,IRE_GRIFF_046_096.jpg,046_096,64,continues_to_unscanned_page,True,False,,False
CORK,DUHALLOW (PART I),CLONFERT,KILKNOCKANE,IRE_GRIFF_049_049.jpg,049_049,25,continues_to_unscanned_page,True,False,,False
CORK,DUHALLOW (PART I),CLONFERT,KNOCKSKAVANE,IRE_GRIFF_049_055.jpg,049_055,20,continues_to_unscanned_page,True,False,,False
CORK,DUHALLOW (PART II),KILSHANNIG,BRITTAS,IRE_GRIFF_050_019.jpg,050_019,30,continues_to_unscanned_page,True,False,,False
CORK,DUHALLOW (PART III),NOHAVALDALY,LYREDAOWEN,IRE_GRIFF_051_044.jpg,051_044,13,continues_to_unscanned_page,True,False,,False
CORK,ORRERY & KILMORE,BUTTEVANT,BUTTEVANT,IRE_GRIFF_063_036.jpg,063_036,57,continues_to_unscanned_page,True,False,,False
CORK,ORRERY & KILMORE,KILBRONEY,BALLYNATRILLA,IRE_GRIFF_063_081.jpg,063_081,11,continues_to_unscanned_page,True,False,,False
DOWN,"IVEAGH, UPPER (UPPER HALF)",AGHADERG,CARRICKDRUMMAN,IRE_GRIFF_079_057.jpg,079_057,16,continues_to_unscanned_page,True,False,,False
DOWN,"IVEAGH, UPPER (UPPER HALF)",AGHADERG,BALLYGOWAN,IRE_GRIFF_079_080.jpg,079_080,31,continues_to_unscanned_page,True,False,,False
DOWN,"ARDS, UPPER",BALLYPHILIP,TULLYBOARD,IRE_GRIFF_081_178.jpg,081_178,37,continues_to_unscanned_page,True,False,,False
DOWN,"ARDS, UPPER",SLANES,NEWCASTLE,IRE_GRIFF_081_191.jpg,081_191,28,continues_to_unscanned_page,True,False,,False
DOWN,"LECALE, LOWER",BALLEE,SLIEVENAGRIDDLE,IRE_GRIFF_081_213.jpg,081_213,42,continues_to_unscanned_page,True,False,,False
DOWN,"LECALE, LOWER",DUNSFORT,SHEEPLAND BEG.,IRE_GRIFF_081_232.jpg,081_232,3,continues_to_unscanned_page,True,False,,False
DOWN,"LECALE, UPPER",RATHMULLAN,BALLYVASTON,IRE_GRIFF_081_285.jpg,081_285,23,continues_to_unscanned_page,True,False,,False
DOWN,"LECALE, UPPER",RATHMULLAN,BALLYLUCAS,IRE_GRIFF_081_295.jpg,081_295,25,continues_to_unscanned_page,True,False,,False
DOWN,"IVEAGH, UPPER (LOWER HALF)",DRUMBALLYRONEY,CAVAN,IRE_GRIFF_085_041.jpg,085_041,8,continues_to_unscanned_page,True,False,,False
DOWN,"IVEAGH, UPPER (UPPER HALF)",DRUMGATH,DRUMLOUGH,IRE_GRIFF_085_063.jpg,085_063,52,continues_to_unscanned_page,True,False,,False
DOWN,"ARDS, LOWER",BANGOR,BALLYMAGEE-STREET,IRE_GRIFF_086_135.jpg,086_135,24,continues_to_unscanned_page,True,False,,False
DOWN,"ARDS, LOWER",DONAGHADEE,DRUMFAD,IRE_GRIFF_086_150.jpg,086_150,21,continues_to_unscanned_page,True,False,,False
DOWN,"ARDS, LOWER",DONAGHADEE,GRANGEE,IRE_GRIFF_086_159.jpg,086_159,34,continues_to_unscanned_page,True,False,,False
DOWN,"ARDS, LOWER",GREY ABBEY,BALLYBOGHILBO,IRE_GRIFF_086_182.jpg,086_182,17,continues_to_unscanned_page,True,False,,False
DOWN,"ARDS, LOWER",NEWTOWN ARDS,CUNNINGBURN,IRE_GRIFF_086_201.jpg,086_201,32,continues_to_unscanned_page,True,False,,False
DOWN,"ARDS, LOWER",NEWTOWN ARDS,LOUGHRISCOUSE,IRE_GRIFF_086_205.jpg,086_205,60,continues_to_unscanned_page,True,False,,False
FERMANAGH,MAGHERABOY,BOHO,DRUMAA,IRE_GRIFF_108_106.jpg,108_106,6,continues_to_unscanned_page,True,False,,False
FERMANAGH,MAGHERABOY,ROSSORRY,MULLAGHREE,IRE_GRIFF_108_153.jpg,108_153,7,continues_to_unscanned_page,True,False,,False
FERMANAGH,MAGHERASTEPHANA,AGHALURCHER,AGHNASKEW,IRE_GRIFF_110_144.jpg,110_144,28,continues_to_unscanned_page,True,False,,False
FERMANAGH,MAGHERASTEPHANA,AGHALURCREE,DRUMGOON,IRE_GRIFF_110_146.jpg,110_146,8,continues_to_unscanned_page,True,False,,False
FERMANAGH,MAGHERASTEPHANA,AGHALURCHER,ALTAGOAGHAN,IRE_GRIFF_110_155.jpg,110_155,3,continues_to_unscanned_page,True,False,,False
KILDARE,"SALT, NORTH",KILDROUGHT,KILWOGHAN,IRE_GRIFF_130_022.jpg,130_022,6,continues_to_unscanned_page,True,False,,True
KILDARE,"SALT, NORTH",KILDROUGHT,CELBRIDGE,IRE_GRIFF_131_011.jpg,131_011,55,continues_to_unscanned_page,True,False,,True
KILDARE,CARBURY,CARBURY,CLONKEEN,IRE_GRIFF_136_042.jpg,136_042,45,continues_to_unscanned_page,True,False,,False
KILDARE,CARBURY,KILPATRICK,TICKNEVIN,IRE_GRIFF_136_054.jpg,136_054,14,continues_to_unscanned_page,True,False,,False
KILDARE,CARBURY,MYLERSTOWN,CALFSTOWN,IRE_GRIFF_136_058.jpg,136_058,8,continues_to_unscanned_page,True,False,,False
KILDARE,"NAAS, SOUTH",CARNALWAY,KILCULLEN-BRIDGE,IRE_GRIFF_137_029.jpg,137_029,18,continues_to_unscanned_page,True,False,,False
KILDARE,CONNELL,GREATCONNELL,ROSETOWN,IRE_GRIFF_137_056.jpg,137_056,4,continues_to_unscanned_page,True,False,,False
KILDARE,"NAAS, NORTH",WHITECHURCH,CLOWNINGS,IRE_GRIFF_137_174.jpg,137_174,5,continues_to_unscanned_page,True,False,,False
KILDARE,"OFFALY, EAST",BALLYSAX,MADDENSTOWN NORTH,IRE_GRIFF_137_192.jpg,137_192,9,continues_to_unscanned_page,True,False,,False
KILDARE,"OFFALY, WEST",MONASTEREVIN,CLOGHEEN,IRE_GRIFF_138_147.jpg,138_147,57,continues_to_unscanned_page,True,False,,False
KILDARE,"OFFALY, WEST",MONASTEREVIN,OGHIL,IRE_GRIFF_138_156.jpg,138_156,22,continues_to_unscanned_page,True,False,,False
KILDARE,"OFFALY, WEST",NURNEY,BALKINSTOWN,IRE_GRIFF_138_159.jpg,138_159,4,continues_to_unscanned_page,True,False,,False
KILKENNY,KNOCKTOPHER,AGHAVILLER,BOOLYGLASS,IRE_GRIFF_139_011.jpg,139_011,31,continues_to_unscanned_page,True,False,,False
KILKENNY,KNOCKTOPHER,DERRYNAHINCH,BALLYHALE,IRE_GRIFF_139_018.jpg,139_018,20,continues_to_unscanned_page,True,False,,False
KILKENNY,KNOCKTOPHER,JERPOINTCHURCH,COTTERELLSBOOLY,IRE_GRIFF_139_030.jpg,139_030,46,continues_to_unscanned_page,True,False,,False
KILKENNY,KNOCKTOPHER,JERPOINTCHURCH,OLDTOWN,IRE_GRIFF_139_033.jpg,139_033,55,continues_to_unscanned_page,True,False,,False
KILKENNY,KNOCKTOPHER,KILBEACON,SMITHSTOWN,IRE_GRIFF_139_043.jpg,139_043,8,continues_to_unscanned_page,True,False,,False
KILKENNY,KNOCKTOPHER,KNOCKTOPHER,CARRICKSHOCK COMMONS.,IRE_GRIFF_139_054.jpg,139_054,5,continues_to_unscanned_page,True,False,,False
KILKENNY,IDA,KILMAKEVOGE,ROBINSTOWN,IRE_GRIFF_142_068.jpg,142_068,16,continues_to_unscanned_page,True,False,,False
KILKENNY,KELLS,KILMAGANNY,COTTRELLSTOWN,IRE_GRIFF_143_041.jpg,143_041,6,continues_to_unscanned_page,True,False,,False
KILKENNY,SHILLELOGHER,TULLAGHANBROGUE,COOLAPOGE,IRE_GRIFF_144_045.jpg,144_045,3,continues_to_unscanned_page,True,False,,False
KILKENNY,SHILLELOGHER,ST CANICE,BALLYNALINA,IRE_GRIFF_145_055.jpg,145_055,8,continues_to_unscanned_page,True,False,,False
KILKENNY,SHILLELOGHER,ENNISNAG,ENNISNAG,IRE_GRIFF_145_064.jpg,145_064,47,continues_to_unscanned_page,True,False,,False
KILKENNY,IVERK,FIDDOWN,BELLINE & ROGERSTOWN,IRE_GRIFF_147_017.jpg,147_017,22,continues_to_unscanned_page,True,False,,False
KILKENNY,IVERK,FIDDOWN,KILMANAHIN,IRE_GRIFF_147_024.jpg,147_024,8,continues_to_unscanned_page,True,False,,False
KILKENNY,IVERK,KILMACOW,BALLYNEARLA,IRE_GRIFF_147_030.jpg,147_030,24,continues_to_unscanned_page,True,False,,False
KILKENNY,IVERK,POLLRONE,BALLYTARSNEY,IRE_GRIFF_147_043.jpg,147_043,5,continues_to_unscanned_page,True,False,,False
KILKENNY,IVERK,RATHKIERAN,CLONASSY,IRE_GRIFF_147_057.jpg,147_057,31,continues_to_unscanned_page,True,False,,False
KING'S,BALLYBRITT,KINNITTY,CASTLETOWNAND GLINSK,IRE_GRIFF_150_063.jpg,150_063,14,continues_to_unscanned_page,True,False,,False
KING'S,GARRYCASTLE,GALLEN,DERRYCARNEY,IRE_GRIFF_150_127.jpg,150_127,4,continues_to_unscanned_page,True,False,,False
KING'S,GARRYCASTLE,LUSMAGH,BUNREVAN,IRE_GRIFF_150_161.jpg,150_161,5,continues_to_unscanned_page,True,False,,False
KING'S,GARRYCASTLE,LUSMAGH,GORTSKEHA,IRE_GRIFF_150_167.jpg,150_167,13,continues_to_unscanned_page,True,False,,False
KING'S,GARRYCASTLE,REYNAGH,DERNAFANNY,IRE_GRIFF_150_181.jpg,150_181,9,continues_to_unscanned_page,True,False,,False
KING'S,GARRYCASTLE,LEMANAGHAN,"PARKAREE, OR BOHERFADDA",IRE_GRIFF_150_207.jpg,150_207,31,continues_to_unscanned_page,True,False,,False
KING'S,GARRYCASTLE,TISARAN,CLOGHALMORE,IRE_GRIFF_150_212.jpg,150_212,7,continues_to_unscanned_page,True,False,,False
KING'S,GARRYCASTLE,WHEERY,BALLYCLARE,IRE_GRIFF_150_219.jpg,150_219,29,continues_to_unscanned_page,True,False,,False
KING'S,GARRYCASTLE,WHEERY,KEELOGE,IRE_GRIFF_150_228.jpg,150_228,7,continues_to_unscanned_page,True,False,,False
LIMERICK,KENRY,KILCORNAN,DROMLOHAN,IRE_GRIFF_166_041.jpg,166_041,33,continues_to_unscanned_page,True,False,,False
LIMERICK,KENRY,KILDIMO,BALLYVAREEN,IRE_GRIFF_166_054.jpg,166_054,15,continues_to_unscanned_page,True,False,,False
LIMERICK,PUBBLEBRIEN,CROOM,TORYHILL,IRE_GRIFF_168_025.jpg,168_025,58,continues_to_unscanned_page,True,False,,False
LONGFORD,RATHCLINE,SHRULE,DAROGE,IRE_GRIFF_182_043.jpg,182_043,6,continues_to_unscanned_page,True,False,,False
LONGFORD,RATHCLINE,RATHCLINE,TURREEN,IRE_GRIFF_184_050.jpg,184_050,12,continues_to_unscanned_page,True,False,,False
KILKENNY,KNOCKTOPHER,DERRYNAHINCH,CASTLEBANNY,IRE_GRIFF_196_013.jpg,196_013,9,continues_to_unscanned_page,True,False,,False
KILKENNY,KNOCKTOPHER,KILKEASY,KNOCKMOYLAN,IRE_GRIFF_196_025.jpg,196_025,3,continues_to_unscanned_page,True,False,,True
KILKENNY,KNOCKTOPHER,STONECARTHY,COTTERELLSBOOLY,IRE_GRIFF_196_028.jpg,196_028,3,continues_to_unscanned_page,True,False,,False
MEATH,"SLANE, UPPER",GRANGEGEETH,GRANGEGEETH,IRE_GRIFF_203_168.jpg,203_168,29,continues_to_unscanned_page,True,False,,False
MEATH,"SLANE, UPPER",MONKNEWTOWN,MONKNEWTOWN,IRE_GRIFF_204_112.jpg,204_112,14,continues_to_unscanned_page,True,False,,False
MAYO,TIRAWLEY,BALLYSAKEERY,BALLYMACKEEHOLA,IRE_GRIFF_207_043.jpg,207_043,13,continues_to_unscanned_page,True,False,,False
MAYO,TIRAWLEY,CROSSMOLINA,CROSSMOLINA,IRE_GRIFF_207_053.jpg,207_053,48,continues_to_unscanned_page,True,False,,False
MAYO,TIRAWLEY,CROSSMOLINA,KNOCKALEGAN,IRE_GRIFF_207_063.jpg,207_063,33,continues_to_unscanned_page,True,False,,False
MAYO,TIRAWLEY,KILBELFAD,CUING MORE,IRE_GRIFF_207_091.jpg,207_091,8,continues_to_unscanned_page,True,False,,False
SLIGO,TIRERAGH,KILMOREMOY,"ARDNAREE, OR SHANAGHY",IRE_GRIFF_207_158.jpg,207_158,20,continues_to_unscanned_page,True,False,,False
SLIGO,TIRERAGH,KILMOREMOY,BEHY MORE,IRE_GRIFF_207_160.jpg,207_160,5,continues_to_unscanned_page,True,False,,False
MAYO,TIRAWLEY,ADDERGOOLE,KNOCKFARNAGHT,IRE_GRIFF_210_174.jpg,210_174,41,continues_to_unscanned_page,True,False,,False
MAYO,TIRAWLEY,DOONFEENY,GEEVRAWN,IRE_GRIFF_216_024.jpg,216_024,18,continues_to_unscanned_page,True,False,,False
MAYO,TIRAWLEY,KILCUMMIN,KILCUMMIN,IRE_GRIFF_216_037.jpg,216_037,21,continues_to_unscanned_page,True,False,,False
MAYO,TIRAWLEY,KILFIAN,BREAGHWYANURLAUR,IRE_GRIFF_216_045.jpg,216_045,5,continues_to_unscanned_page,True,False,,False
MAYO,TIRAWLEY,MOYGAWNAGH,FORREW,IRE_GRIFF_216_079.jpg,216_079,12,continues_to_unscanned_page,True,False,,False
MEATH,MORGALLION,NOBBER,RATHGILLEN,IRE_GRIFF_222_030.jpg,222_030,7,continues_to_unscanned_page,True,False,,False
MEATH,SKREEN,DANESTOWN,DANESTOWN,IRE_GRIFF_223_078.jpg,223_078,13,continues_to_unscanned_page,True,False,,False
MEATH,"NAVAN, LOWER",NAVAN,DUFFSLAND,IRE_GRIFF_223_133.jpg,223_133,5,continues_to_unscanned_page,True,False,,False
MEATH,"NAVAN, UPPER",CLONMACDUFF,TULLAGHANSTOWN,IRE_GRIFF_225_012.jpg,225_012,39,continues_to_unscanned_page,True,False,,False
MEATH,LUNE,ATHBOY,DERLANGAN,IRE_GRIFF_225_112.jpg,225_112,8,continues_to_unscanned_page,True,False,,False
MEATH,LUNE,KILLACONNIGAN,BALLIVOR,IRE_GRIFF_225_136.jpg,225_136,24,continues_to_unscanned_page,True,False,,False
MONAGHAN,CREMORNE,BALLYBAY,TERRYGREEGHAN,IRE_GRIFF_227_048.jpg,227_048,17,continues_to_unscanned_page,True,False,,False
MONAGHAN,CREMORNE,CLONTIBRET,FORMIL,IRE_GRIFF_227_084.jpg,227_084,17,continues_to_unscanned_page,True,False,,False
MONAGHAN,CREMORNE,CLONTIBRET,BILLEADY,IRE_GRIFF_227_094.jpg,227_094,34,continues_to_unscanned_page,True,False,,False
MONAGHAN,CREMORNE,AGHNAMULLEN,"MULLANARY, CORTANNEL",IRE_GRIFF_227_125.jpg,227_125,13,continues_to_unscanned_page,True,False,,False
MONAGHAN,TROUGH,ERRIGAL TROUGH,AGHAMACKALINN,IRE_GRIFF_228_152.jpg,228_152,21,continues_to_unscanned_page,True,False,,False
MONAGHAN,CREMORNE,AGHNAMULLEN,DRUMLOOD,IRE_GRIFF_230_017.jpg,230_017,10,continues_to_unscanned_page,True,False,,False
MONAGHAN,DARTREE,EMATRIS,CARSAN,IRE_GRIFF_230_056.jpg,230_056,25,continues_to_unscanned_page,True,False,,False
MONAGHAN,TROUGH,DONAGH,STRAMORE,IRE_GRIFF_231_023.jpg,231_023,5,continues_to_unscanned_page,True,False,,False
MONAGHAN,TROUGH,DONAGH,SILLIS,IRE_GRIFF_231_045.jpg,231_045,3,continues_to_unscanned_page,True,False,,False
MONAGHAN,TROUGH,ERRIGAL TROUGH,BRACKAGH,IRE_GRIFF_231_054.jpg,231_054,17,continues_to_unscanned_page,True,False,,False
MONAGHAN,MONAGHAN,TEDAVNET,GLASDRUMMAN,IRE_GRIFF_231_075.jpg,231_075,8,continues_to_unscanned_page,True,False,,False
MONAGHAN,MONAGHAN,TEDAVNET,DRUMDESCO,IRE_GRIFF_231_085.jpg,231_085,19,continues_to_unscanned_page,True,False,,False
MONAGHAN,MONAGHAN,CLONES,MULLADUFF,IRE_GRIFF_231_126.jpg,231_126,20,continues_to_unscanned_page,True,False,,False
MONAGHAN,MONAGHAN,DRUMSNAT,COOLCORRAGH,IRE_GRIFF_231_134.jpg,231_134,11,continues_to_unscanned_page,True,False,,False
MONAGHAN,MONAGHAN,DRUMSNAT,DRUMSHEENY,IRE_GRIFF_231_136.jpg,231_136,24,continues_to_unscanned_page,True,False,,False
MONAGHAN,MONAGHAN,KILMORE,SLIEVEROE,IRE_GRIFF_231_148.jpg,231_148,7,continues_to_unscanned_page,True,False,,False
MONAGHAN,MONAGHAN,TULLYCORBET,CORDOOLOUGH,IRE_GRIFF_231_169.jpg,231_169,28,continues_to_unscanned_page,True,False,,False
MONAGHAN,MONAGHAN,TEHALLAN,DRUMAGELVIN,IRE_GRIFF_231_190.jpg,231_190,31,continues_to_unscanned_page,True,False,,False
MONAGHAN,MONAGHAN,MONAGHAN,RAKEERAGH,IRE_GRIFF_231_199.jpg,231_199,7,continues_to_unscanned_page,True,False,,False
MONAGHAN,MONAGHAN,MONAGHAN,FERAGH,IRE_GRIFF_231_209.jpg,231_209,3,continues_to_unscanned_page,True,False,,False
MONAGHAN,MONAGHAN,MONAGHAN,KILLYGOWAN,IRE_GRIFF_231_222.jpg,231_222,31,continues_to_unscanned_page,True,False,,False
QUEEN'S,CULLENAGH,ABBEYLEIX,LISBIGNEY,IRE_GRIFF_236_021.jpg,236_021,25,continues_to_unscanned_page,True,False,,False
QUEEN'S,CULLENAGH,DYSARTGALLEN,BOLEYBEG,IRE_GRIFF_236_049.jpg,236_049,21,continues_to_unscanned_page,True,False,,False
QUEEN'S,CULLENAGH,DYSARTGALLEN,TOWN OF BALLINAKILL (part of),IRE_GRIFF_236_055.jpg,236_055,22,continues_to_unscanned_page,True,False,,False
QUEEN'S,"MARYBOROUGH, EAST",BORRIS,RATHNAMANAGH,IRE_GRIFF_237_030.jpg,237_030,9,continues_to_unscanned_page,True,False,,False
QUEEN'S,PORTNAHINCH,ARDEA,PORTNAHINCH,IRE_GRIFF_238_025.jpg,238_025,6,continues_to_unscanned_page,True,False,,False
QUEEN'S,SLIEVEMARGY,KILLABBAN,COONBEG,IRE_GRIFF_239_021.jpg,239_021,4,continues_to_unscanned_page,True,False,,False
QUEEN'S,SLIEVEMARGY,KILLESHIN,CROSSNEEN,IRE_GRIFF_239_041.jpg,239_041,6,continues_to_unscanned_page,True,False,,False
QUEEN'S,"MARYBOROUGH, WEST",CLONENAGH & CLONAGHEEN,CLONKEEN,IRE_GRIFF_243_029.jpg,243_029,51,continues_to_unscanned_page,True,False,,False
QUEEN'S,"MARYBOROUGH, WEST",CLONENAGH & CLONAGHEEN,COOLNACARTAN,IRE_GRIFF_243_033.jpg,243_033,4,continues_to_unscanned_page,True,False,,False
QUEEN'S,"MARYBOROUGH, WEST",CLONENAGH & CLONAGHEEN,DYSARTBEAGH,IRE_GRIFF_243_039.jpg,243_039,59,continues_to_unscanned_page,True,False,,False
SLIGO,CORRAN,TOOMOUR,DERRYGOLAGH,IRE_GRIFF_251_067.jpg,251_067,30,continues_to_unscanned_page,True,False,,False
SLIGO,TIRERAGH,EASKY,BALLYMEENY ARMSTRONG,IRE_GRIFF_252_025.jpg,252_025,32,continues_to_unscanned_page,True,False,,False
SLIGO,CARBURY,AHAMLISH,KILKILLOGE,IRE_GRIFF_253_014.jpg,253_014,47,continues_to_unscanned_page,True,False,,False
SLIGO,CARBURY,AHAMLISH,DRUMFAD,IRE_GRIFF_253_024.jpg,253_024,9,continues_to_unscanned_page,True,False,,False
SLIGO,CARBURY,AHAMLISH,STREEDAGH,IRE_GRIFF_253_042.jpg,253_042,44,continues_to_unscanned_page,True,False,,False
SLIGO,CARBURY,DRUMCLIFF,DOONFORE,IRE_GRIFF_253_055.jpg,253_055,59,continues_to_unscanned_page,True,False,,False
SLIGO,CARBURY,DRUMCLIFF,CREGGYCONNELL,IRE_GRIFF_253_082.jpg,253_082,13,continues_to_unscanned_page,True,False,,False
SLIGO,CARBURY,CALRY,BALLYNAMONA,IRE_GRIFF_253_093.jpg,253_093,9,continues_to_unscanned_page,True,False,,False
SLIGO,CARBURY,CALRY,COLGAGH,IRE_GRIFF_253_095.jpg,253_095,10,continues_to_unscanned_page,True,False,,False
SLIGO,CARBURY,ST JOHN,"DERRYDARRAGH, on OAKFIELD",IRE_GRIFF_253_102.jpg,253_102,15,continues_to_unscanned_page,True,False,,False
SLIGO,CARBURY,KILLASPUGBRONE,BARNASRAHY,IRE_GRIFF_253_113.jpg,253_113,10,continues_to_unscanned_page,True,False,,False
SLIGO,CARBURY,KILLASPUGBRONE,LARASS OR STRANDHILL,IRE_GRIFF_253_117.jpg,253_117,66,continues_to_unscanned_page,True,False,,False
SLIGO,CARBURY,ST JOHN,MAGHERABOY,"IRE_GRIFF_253_159.jpg,IRE_GRIFF_253_160.jpg",253_160,101,continues_to_unscanned_page,True,False,,True
SLIGO,CARBURY,ST JOHN,CORNAGEEHA (part of),IRE_GRIFF_253_169.jpg,253_169,5,continues_to_unscanned_page,True,False,,False
SLIGO,CARBURY,ST JOHN,TOWN OF SLIGO,IRE_GRIFF_253_177.jpg,253_177,5,continues_to_unscanned_page,True,False,,True
SLIGO,CARBURY,ST JOHN,"ABBEYQUARTER, SOUTH",IRE_GRIFF_253_180.jpg,253_180,54,continues_to_unscanned_page,True,False,,False
SLIGO,CARBURY,ST JOHN,"ABBEYQUARTER, NORTH.",IRE_GRIFF_253_183.jpg,253_183,33,continues_to_unscanned_page,True,False,,False
SLIGO,LEYNY,BALLYSADARE,LARGAN,IRE_GRIFF_253_196.jpg,253_196,8,continues_to_unscanned_page,True,False,,False
SLIGO,TIRERRILL,KILMACALLAN,CARTRONROE,IRE_GRIFF_253_255.jpg,253_255,3,continues_to_unscanned_page,True,False,,False
SLIGO,CORRAN,EMLAGHFAD,CARRIGEENMORE,IRE_GRIFF_253_284.jpg,253_284,22,continues_to_unscanned_page,True,False,,False
SLIGO,LEYNY,AGHONRY,CORSALLAGH,IRE_GRIFF_254_036.jpg,254_036,14,continues_to_unscanned_page,True,False,,False
SLIGO,LEYNY,KILMACTEIGE,CREEGHASSAUN,IRE_GRIFF_254_123.jpg,254_123,4,continues_to_unscanned_page,True,False,,False
TIPPERARY,MIDDLETHIRD,FETHARD,GARRINCH,IRE_GRIFF_260_083.jpg,260_083,18,continues_to_unscanned_page,True,False,,False
TIPPERARY,MIDDLETHIRD,MORA,GRAIGUE,IRE_GRIFF_260_125.jpg,260_125,4,continues_to_unscanned_page,True,False,,False
TIPPERARY,MIDDLETHIRD,ST PATRICKSROCK,ST. PATRICK'S ROCK,IRE_GRIFF_260_188.jpg,260_188,46,continues_to_unscanned_page,True,False,,False
TIPPERARY,ELIOGARTY,FERTIANA,"GALBERTSTOWN, LR.",IRE_GRIFF_262_022.jpg,262_022,9,continues_to_unscanned_page,True,False,,False
TIPPERARY,ELIOGARTY,TEMPLEMORE,BALLYCAHILL,IRE_GRIFF_262_075.jpg,262_075,13,continues_to_unscanned_page,True,False,,False
TIPPERARY,IKERRIN,TEMPLEREE,BALLINROE,IRE_GRIFF_263_104.jpg,263_104,57,continues_to_unscanned_page,True,False,,False
TIPPERARY,CLANWILLIAM,CLONBEG,STONEPARK,IRE_GRIFF_296_035.jpg,296_035,51,continues_to_unscanned_page,True,False,,False
TIPPERARY,CLANWILLIAM,EMLY,DUNCUMMIN,IRE_GRIFF_296_089.jpg,296_089,35,continues_to_unscanned_page,True,False,,False
TIPPERARY,CLANWILLIAM,RATHLYNIN,DONASKEAGH,IRE_GRIFF_296_134.jpg,296_134,20,continues_to_unscanned_page,True,False,,False
TIPPERARY,CLANWILLIAM,RELICKMURRY & ATHASSEL,BAWNBRACK,IRE_GRIFF_296_142.jpg,296_142,23,continues_to_unscanned_page,True,False,,False
TIPPERARY,CLANWILLIAM,TEMPLENEIRY,BALLYDAVID,IRE_GRIFF_296_180.jpg,296_180,11,continues_to_unscanned_page,True,False,,True
CORK,FERMOY,CAHERDUGGAN,CAHERDUGGAN NORTH,IRE_GRIFF_299_038.jpg,299_038,10,continues_to_unscanned_page,True,False,,False
CORK,FERMOY,CASTLETOWNROCHE,LISNAGOORNEEN,IRE_GRIFF_299_055.jpg,299_055,7,continues_to_unscanned_page,True,False,,False
CORK,FERMOY,MALLOW,SPAGLEN,IRE_GRIFF_299_165.jpg,299_165,24,continues_to_unscanned_page,True,False,,False
CORK,FERMOY,RAHAN,DROMRAHAN,IRE_GRIFF_299_180.jpg,299_180,5,continues_to_unscanned_page,True,False,,False
ANTRIM,"DUNLUCE, UPPER",BALLYMONEY,TOWN OF BALLYMONEY,IRE_GRIFF_004_118.jpg,004_118,7,ends_at_page_bottom_next_scanned,True,True,TOWNPARKS,False
ARMAGH,ARMAGH,KEADY,CROSSMORE,IRE_GRIFF_018_291.jpg,018_291,50,ends_at_page_bottom_next_scanned,True,True,CROSSDENED,True
ARMAGH,ARMAGH,LOUGHGALL,TOWN OF CHARLEMONT,IRE_GRIFF_018_304.jpg,018_304,20,ends_at_page_bottom_next_scanned,True,True,BOROUGH OF CHARLEMONT,False
ARMAGH,ARMAGH,LOUGHGALL,KINNEGOE,"IRE_GRIFF_018_313.jpg,IRE_GRIFF_018_314.jpg",018_314,46,ends_at_page_bottom_next_scanned,True,True,LISLASLY,True
ARMAGH,TIRANNY,TYNAN,TULLYGLUSH (NEVIN.),IRE_GRIFF_018_426.jpg,018_426,7,ends_at_page_bottom_next_scanned,True,True,TULLYGLUSH,False
LOUTH,"DUNDALK, MUNICIPAL BOROUGH OF",DUNDALK,TOWN PARKS,"IRE_GRIFF_024_121.jpg,IRE_GRIFF_024_122.jpg,IRE_GRIFF_024_123.jpg,IRE_GRIFF_024_124.jpg,IRE_GRIFF_024_125.jpg,IRE_GRIFF_024_126.jpg,IRE_GRIFF_024_127.jpg",024_127,421,ends_at_page_bottom_next_scanned,True,True,TOWN OF DUNDALK,True
LOUTH,"DUNDALK, MUNICIPAL BOROUGH OF",DUNDALK,TOWN OF DUNDALK,IRE_GRIFF_024_128.jpg,024_128,66,ends_at_page_bottom_next_scanned,True,True,TOWN PARKS,False
LOUTH,"DUNDALK, LOWER",CARLINGFORD,TOWN OF CARLINGFORD,IRE_GRIFF_024_202.jpg,024_202,22,ends_at_page_bottom_next_scanned,True,True,COMMONS,False
CAVAN,"LOUGHTEE, LOWER",ANNAGH,BLACK BOG,IRE_GRIFF_028_154.jpg,028_154,36,ends_at_page_bottom_next_scanned,True,True,CORPORATION LANDS,False
CAVAN,"LOUGHTEE, LOWER",ANNAGH,TOWN OF BELTURBET,IRE_GRIFF_028_161.jpg,028_161,11,ends_at_page_bottom_next_scanned,True,True,CORPORATION LANDS,False
CAVAN,"LOUGHTEE, UPPER",URNEY,KILNAVARRA LANE,IRE_GRIFF_028_351.jpg,028_351,31,ends_at_page_bottom_next_scanned,True,True,LURGANBOY,False
CORK,ORRERY & KILMORE,RATHGOGGAN,TOWN OF CHARLEVILLE,IRE_GRIFF_063_102.jpg,063_102,43,ends_at_page_bottom_next_scanned,True,True,RATHGOGGAN MIDDLE,False
DOWN,"IVEAGH, UPPER (UPPER HALF)",AGHADERG,LOUGHERICKLAND,IRE_GRIFF_079_079.jpg,079_079,49,ends_at_page_bottom_next_scanned,True,True,DRUMNAHARE,False
DOWN,"IVEAGH, UPPER (UPPER HALF)",DRUMGATH,TOWN OF RATHFRYLAND,IRE_GRIFF_085_058.jpg,085_058,34,ends_at_page_bottom_next_scanned,True,True,KILTARRIFF,True
DOWN,"ARDS, LOWER",NEWTOWN ARDS,TOWN OF NEWTOWN ARDS,IRE_GRIFF_086_214.jpg,086_214,20,ends_at_page_bottom_next_scanned,True,True,"CORPORATION, NORTH",False
FERMANAGH,CLANAWLEY,GLEENISH,DERRYSCOBE,IRE_GRIFF_108_085.jpg,108_085,11,ends_at_page_bottom_next_scanned,True,True,DERRYSCOBE,False
KILDARE,"SALT, NORTH",KILDROUGHT,CELBRIDGE,IRE_GRIFF_131_008.jpg,131_008,28,ends_at_page_bottom_next_scanned,True,True,,True
KILDARE,"SALT, NORTH",KILDROUGHT,KILDROUGHT,IRE_GRIFF_131_010.jpg,131_010,56,ends_at_page_bottom_next_scanned,True,True,CELBRIDGE,False
KILDARE,"SALT, NORTH",KILDROUGHT,MOORTOWN,IRE_GRIFF_131_013.jpg,131_013,3,ends_at_page_bottom_next_scanned,True,True,,False
KILDARE,"SALT, NORTH",LARAGHBRYAN,TOWN OF MAYNOOTH (Part of.),IRE_GRIFF_131_027.jpg,131_027,23,ends_at_page_bottom_next_scanned,True,True,LARAGHBRYAN,False
KILDARE,"SALT, NORTH",LARAGHBRYAN,MAYNOOTH,"IRE_GRIFF_131_029.jpg,IRE_GRIFF_131_031.jpg",131_031,100,ends_at_page_bottom_next_scanned,True,True,LARAGHBRYAN,True
KILDARE,"SALT, NORTH",TAGHADOE,GRAIGUESALLAGH,IRE_GRIFF_131_040.jpg,131_040,7,ends_at_page_bottom_next_scanned,True,True,TAGHADOE,False
KILDARE,"SALT, NORTH",TAGHADOE,TAGHADOE,IRE_GRIFF_131_041.jpg,131_041,3,ends_at_page_bottom_next_scanned,True,True,TOOLESTOWN,True
KILDARE,"SALT, SOUTH",DONAGHCUMPER,DONAGHCUMPER,IRE_GRIFF_132_014.jpg,132_014,42,ends_at_page_bottom_next_scanned,True,True,DONAGHCUMPER,True
KILDARE,"SALT, SOUTH",DONAGHCUMPER (PART OF),NEWTOWN,IRE_GRIFF_132_015.jpg,132_015,21,ends_at_page_bottom_next_scanned,True,True,NEWTOWN,True
KILDARE,IKEATHY AND OUGHTERANY,KILCOCK,BOHERBOY,IRE_GRIFF_134_028.jpg,134_028,32,ends_at_page_bottom_next_scanned,True,True,KILCOCK,False
KILDARE,IKEATHY AND OUGHTERANY,MAINHAM,MAINHAM,IRE_GRIFF_135_009.jpg,135_009,13,ends_at_page_bottom_next_scanned,True,True,MOORTOWN,True
KILDARE,IKEATHY AND OUGHTERANY,MAINHAM,MOUNTARMSTRONG,IRE_GRIFF_135_010.jpg,135_010,9,ends_at_page_bottom_next_scanned,True,True,MAINHAM,False
KILDARE,IKEATHY AND OUGHTERANY,KILCOCK,PORTGLORIAM,IRE_GRIFF_135_028.jpg,135_028,18,ends_at_page_bottom_next_scanned,True,True,KILCOCK,False
KILDARE,"NAAS, SOUTH",BALLYMORE EUSTACE,BROADLEAS COMMONS,"IRE_GRIFF_137_022.jpg,IRE_GRIFF_137_023.jpg",137_023,116,ends_at_page_bottom_next_scanned,True,True,BROADLEAS,False
KILKENNY,KNOCKTOPHER,KILBEACON,MULLINAVAT,IRE_GRIFF_139_039.jpg,139_039,14,ends_at_page_bottom_next_scanned,True,True,GARRANDARRAGH,True
KILKENNY,SHILLELOGHER,CASTLEINCH (OR INCHYOLAGHAN),ANNAMULT,IRE_GRIFF_144_014.jpg,144_014,67,ends_at_page_bottom_next_scanned,True,True,ANNAMULT,False
KILKENNY,SHILLELOGHER,DANESFORT (PART OF),BENNETTSBRIDGE,IRE_GRIFF_144_015.jpg,144_015,12,ends_at_page_bottom_next_scanned,True,True,BENNETTSBRIDGE,False
KILKENNY,SHILLELOGHER,GRANGE (PART OF),KILMOG OR RACECOURSE,IRE_GRIFF_144_023.jpg,144_023,8,ends_at_page_bottom_next_scanned,True,True,,False
KILKENNY,SHILLELOGHER,TULLAMAINE,TULLAMAINE (ASHBROOK),IRE_GRIFF_145_020.jpg,145_020,10,ends_at_page_bottom_next_scanned,True,True,TULLAMAINE,False
KILKENNY,SHILLELOGHER,BALLYBUR,BROWNSTOWN,IRE_GRIFF_145_035.jpg,145_035,14,ends_at_page_bottom_next_scanned,True,True,CASTLEINCH OF INCHYOLAGHAN,False
KILKENNY,SHILLELOGHER,ST PATRICK,CLONMORAN,IRE_GRIFF_145_043.jpg,145_043,3,ends_at_page_bottom_next_scanned,True,True,COX'S FIELDS,False
KILKENNY,SHILLELOGHER,KILFERAGH,SHEASTOWN,IRE_GRIFF_145_052.jpg,145_052,46,ends_at_page_bottom_next_scanned,True,True,KILFERAGH,True
KILKENNY,SHILLELOGHER,STONECARTHY,KNOCKADRINA,IRE_GRIFF_145_066.jpg,145_066,8,ends_at_page_bottom_next_scanned,True,True,"STONECARTHY, EAST",False
KILKENNY,IVERK,FIDDOWN,TOWN OF PILLTOWN,IRE_GRIFF_147_016.jpg,147_016,56,ends_at_page_bottom_next_scanned,True,True,BANAGHER,False
KILKENNY,KNOCKTOPHER,AGHAVILLER,"KINGSMOUNTAIN, OR MYLERSTOWN",IRE_GRIFF_196_011.jpg,196_011,16,ends_at_page_bottom_next_scanned,True,True,KYLEVA,False
MAYO,TIRAWLEY,ADDERGOOLE,CUM,IRE_GRIFF_210_169.jpg,210_169,30,ends_at_page_bottom_next_scanned,True,True,GUM,True
MEATH,"NAVAN, UPPER",TRIM,"TOWNPARKS, NORTH.","IRE_GRIFF_225_025.jpg,IRE_GRIFF_225_026.jpg,IRE_GRIFF_225_027.jpg,IRE_GRIFF_225_028.jpg",225_028,228,ends_at_page_bottom_next_scanned,True,True,,False
MEATH,LUNE,ATHBOY,TOWN OF ATHBOY (part of),IRE_GRIFF_225_121.jpg,225_121,20,ends_at_page_bottom_next_scanned,True,True,TOWNPARKS,False
MONAGHAN,DARTREE,CLONES,TOWN OF CLONES,IRE_GRIFF_229_034.jpg,229_034,11,ends_at_page_bottom_next_scanned,True,True,CROSSMOYLE,False
MONAGHAN,CREMORNE,AGHANAVULLEN,RAW,IRE_GRIFF_230_026.jpg,230_026,18,ends_at_page_bottom_next_scanned,True,True,RAW,False
MONAGHAN,MONAGHAN,MONAGHAN,ROOSEY,"IRE_GRIFF_231_231.jpg,IRE_GRIFF_231_232.jpg,IRE_GRIFF_231_233.jpg,IRE_GRIFF_231_234.jpg,IRE_GRIFF_231_235.jpg",231_235,214,ends_at_page_bottom_next_scanned,True,True,TOWN OF MONAGHAN,False
MONAGHAN,MONAGHAN,MONAGHAN,TOWN OF MONAGHAN,IRE_GRIFF_231_236.jpg,231_236,66,ends_at_page_bottom_next_scanned,True,True,ROOSKY,True
QUEEN'S,PORTNAHINCH,LEA,TOWN OF PORTARLINGTON (Part of),IRE_GRIFF_238_050.jpg,238_050,15,ends_at_page_bottom_next_scanned,True,True,COOLTEDERY,False
QUEEN'S,PORTNAHINCH,LEA,BRACKLONE-STREET,IRE_GRIFF_238_055.jpg,238_055,51,ends_at_page_bottom_next_scanned,True,True,COOLTEDERY,False
QUEEN'S,TINNAHINCH,ROSENALLIS,TOWNPARKS,IRE_GRIFF_241_068.jpg,241_068,67,ends_at_page_bottom_next_scanned,True,True,MOUNTMELLICK (Part of),False
QUEEN'S,TINNAHINCH,ROSENALLIS,MOUNTMELLICK (Part of),"IRE_GRIFF_241_069.jpg,IRE_GRIFF_241_070.jpg,IRE_GRIFF_241_071.jpg,IRE_GRIFF_241_072.jpg",241_072,237,ends_at_page_bottom_next_scanned,True,True,MOUNTMELLICK,False
SLIGO,CARBURY,DRUMCLIFF,BALLINVOEHER (part of),IRE_GRIFF_253_081.jpg,253_081,8,ends_at_page_bottom_next_scanned,True,True,BALLINVOHER,False
SLIGO,CARBURY,ST JOHN,FINISKLIN (pt. of),IRE_GRIFF_253_100.jpg,253_100,15,ends_at_page_bottom_next_scanned,True,True,FINISKLIN,False
SLIGO,CARBURY,CALRY,RATHQUARTER,"IRE_GRIFF_253_134.jpg,IRE_GRIFF_253_135.jpg",253_135,59,ends_at_page_bottom_next_scanned,True,True,TOWN OF SLIGO,False
SLIGO,CARBURY,CALRY,TOWN OF SLIGO,"IRE_GRIFF_253_136.jpg,IRE_GRIFF_253_137.jpg,IRE_GRIFF_253_138.jpg,IRE_GRIFF_253_139.jpg,IRE_GRIFF_253_140.jpg",253_140,302,ends_at_page_bottom_next_scanned,True,True,SLIGO,False
SLIGO,CARBURY,CALRY,SLIGO,IRE_GRIFF_253_141.jpg,253_141,52,ends_at_page_bottom_next_scanned,True,True,RATHQUARTER,False
SLIGO,CARBURY,CALRY,RATHQUARTER,IRE_GRIFF_253_142.jpg,253_142,56,ends_at_page_bottom_next_scanned,True,True,RATHQUARTER,False
SLIGO,CARBURY,ST JOHN,KNAPPAGH BEG,IRE_GRIFF_253_151.jpg,253_151,19,ends_at_page_bottom_next_scanned,True,True,KNAPPAGH BEG (part of),True
SLIGO,CARBURY,ST JOHN,SLIGO,IRE_GRIFF_253_158.jpg,253_158,13,ends_at_page_bottom_next_scanned,True,True,MAGHERABOY,False
SLIGO,CARBURY,ST JOHN,CALTRAGH,"IRE_GRIFF_253_163.jpg,IRE_GRIFF_253_164.jpg,IRE_GRIFF_253_165.jpg",253_165,133,ends_at_page_bottom_next_scanned,True,True,TOWN OF SLIGO,False
SLIGO,CARBURY,ST JOHN,TOWN OF SLIGO,IRE_GRIFF_253_167.jpg,253_167,37,ends_at_page_bottom_next_scanned,True,True,KEECENAGANNT,True
SLIGO,CARBURY,ST JOHN,KEECENAGANNT,IRE_GRIFF_253_168.jpg,253_168,59,ends_at_page_bottom_next_scanned,True,True,KNOCKNAGANNY (pt. of),False
SLIGO,CARBURY,ST JOHN,KNOCKNAGANNY (pt.of),"IRE_GRIFF_253_173.jpg,IRE_GRIFF_253_174.jpg,IRE_GRIFF_253_175.jpg",253_175,162,ends_at_page_bottom_next_scanned,True,True,TOWN OF SLIGO,False
SLIGO,CARBURY,ST JOHN,TOWN OF SLIGO,IRE_GRIFF_253_176.jpg,253_176,61,ends_at_page_bottom_next_scanned,True,True,KNOCKNAGANNY (pt.of),True
SLIGO,CARBURY,ST JOHN,TOWN OF SLIGO,IRE_GRIFF_253_182.jpg,253_182,48,ends_at_page_bottom_next_scanned,True,True,KNAPPAGH BEG (PART OF),True
TIPPERARY,MIDDLETHIRD,FETHARD,ABBEY-STREET,IRE_GRIFF_260_074.jpg,260_074,50,ends_at_page_bottom_next_scanned,True,True,FETHARD,False
TIPPERARY,MIDDLETHIRD,FETHARD,THE ROCK,IRE_GRIFF_260_076.jpg,260_076,9,ends_at_page_bottom_next_scanned,True,True,FETHARD,False
TIPPERARY,IKERRIN,ROSCREA,BORRISNOLASS,IRE_GRIFF_263_092.jpg,263_092,51,ends_at_page_bottom_next_scanned,True,True,TOWNPARKS,False
TIPPERARY,CLANWILLIAM,RELICKMURRY & ATHASSEL,THE GREEN,IRE_GRIFF_296_147.jpg,296_147,6,ends_at_page_bottom_next_scanned,True,True,HOOPSLOT,False
TIPPERARY,CLANWILLIAM,TIPPERARY,DONOHILL-ROAD,IRE_GRIFF_296_213.jpg,296_213,28,ends_at_page_bottom_next_scanned,True,True,CARROWNREDDY,False
ANTRIM,"DUNLUCE, UPPER",BALLYMONEY,TOWNPARKS,"IRE_GRIFF_004_116.jpg,IRE_GRIFF_004_117.jpg,IRE_GRIFF_004_118.jpg",004_118,172,extraction_miss_other_model_has_total,False,True,TOWNPARKS,True
ANTRIM,"DUNLUCE, LOWER",BALLYWILLIN,PORTRUSH,"IRE_GRIFF_006_012.jpg,IRE_GRIFF_006_013.jpg,IRE_GRIFF_006_014.jpg,IRE_GRIFF_006_015.jpg,IRE_GRIFF_006_016.jpg",006_016,257,extraction_miss_other_model_has_total,False,True,PORTRUSH,True
ARMAGH,ARMAGH,KEADY,CROSSDENED,"IRE_GRIFF_018_289.jpg,IRE_GRIFF_018_290.jpg,IRE_GRIFF_018_291.jpg",018_291,97,extraction_miss_other_model_has_total,False,True,CROSSDENED,True
ARMAGH,ARMAGH,LOUGHGALL,BOROUGH OF CHARLEMONT,"IRE_GRIFF_018_303.jpg,IRE_GRIFF_018_304.jpg",018_304,48,extraction_miss_other_model_has_total,False,True,BOROUGH OF CHARLEMONT,True
LOUTH,"DUNDALK, UPPER",FAUGHART,BALRIGGAN,IRE_GRIFF_024_096.jpg,024_096,28,extraction_miss_other_model_has_total,False,True,CARRICKEDMOND,True
LOUTH,"DUNDALK, LOWER",CARLINGFORD,COMMONS,"IRE_GRIFF_024_199.jpg,IRE_GRIFF_024_200.jpg,IRE_GRIFF_024_201.jpg,IRE_GRIFF_024_202.jpg",024_202,197,extraction_miss_other_model_has_total,False,True,COMMONS,True
CAVAN,"LOUGHTEE, LOWER",ANNAGH,CORPORATION LANDS,"IRE_GRIFF_028_151.jpg,IRE_GRIFF_028_152.jpg,IRE_GRIFF_028_153.jpg,IRE_GRIFF_028_154.jpg",028_154,170,extraction_miss_other_model_has_total,False,True,CORPORATION LANDS,True
CORK,CONDONS & CLANGIBBON,BRIGOWN,BRIGOWN,"IRE_GRIFF_046_015.jpg,IRE_GRIFF_046_016.jpg",046_016,116,extraction_miss_other_model_has_total,False,True,BRIGOWN,True
CORK,CONDONS & CLANGIBBON,FERMOY,FERMOY,"IRE_GRIFF_046_067.jpg,IRE_GRIFF_046_068.jpg,IRE_GRIFF_046_069.jpg,IRE_GRIFF_046_070.jpg,IRE_GRIFF_046_071.jpg,IRE_GRIFF_046_072.jpg,IRE_GRIFF_046_073.jpg,IRE_GRIFF_046_074.jpg",046_074,372,extraction_miss_other_model_has_total,False,True,FERMOY,True
CORK,ORRERY & KILMORE,BUTTEVANT,CREGGANE,IRE_GRIFF_063_040.jpg,063_040,22,extraction_miss_other_model_has_total,False,True,CREGGANE,True
DOWN,"IVEAGH, UPPER (UPPER HALF)",AGHADERG,DRUMNAHARE,"IRE_GRIFF_079_077.jpg,IRE_GRIFF_079_079.jpg",079_079,26,extraction_miss_other_model_has_total,False,True,DRUMNAHARE,True
DOWN,"IVEAGH, UPPER (UPPER HALF)",DRUMGATH,KILTARRIFF,"IRE_GRIFF_085_057.jpg,IRE_GRIFF_085_058.jpg",085_058,31,extraction_miss_other_model_has_total,False,True,KILTARRIFF,True
DOWN,"ARDS, LOWER",BANGOR,CORPORATION,"IRE_GRIFF_086_128.jpg,IRE_GRIFF_086_129.jpg,IRE_GRIFF_086_130.jpg,IRE_GRIFF_086_131.jpg,IRE_GRIFF_086_132.jpg,IRE_GRIFF_086_133.jpg,IRE_GRIFF_086_134.jpg,IRE_GRIFF_086_135.jpg",086_135,405,extraction_miss_other_model_has_total,False,False,,True
DOWN,"ARDS, LOWER",NEWTOWN ARDS,"CORPORATION, NORTH","IRE_GRIFF_086_213.jpg,IRE_GRIFF_086_214.jpg",086_214,103,extraction_miss_other_model_has_total,False,True,"CORPORATION, NORTH",True
FERMANAGH,MAGHERABOY,ROSSORRY,PORTORA,IRE_GRIFF_108_158.jpg,108_158,5,extraction_miss_other_model_has_total,False,True,WINDMILL HILL,True
KILDARE,IKEATHY AND OUGHTERANY,KILCOCK,KILCOCK,"IRE_GRIFF_134_024.jpg,IRE_GRIFF_134_025.jpg,IRE_GRIFF_134_026.jpg,IRE_GRIFF_134_027.jpg,IRE_GRIFF_134_028.jpg",134_028,196,extraction_miss_other_model_has_total,False,True,KILCOCK,True
KILKENNY,KNOCKTOPHER,KILBEACON,GARRANDARRAGH,"IRE_GRIFF_139_038.jpg,IRE_GRIFF_139_039.jpg",139_039,46,extraction_miss_other_model_has_total,False,True,GARRANDARRAGH,True
KILKENNY,KNOCKTOPHER,AGHAVILLER,AGHAVILLER,IRE_GRIFF_196_005.jpg,196_005,13,extraction_miss_other_model_has_total,False,True,BALLINVA,True
KILKENNY,KNOCKTOPHER,AGHAVILLER,BARNADOWN,"IRE_GRIFF_196_006.jpg,IRE_GRIFF_196_007.jpg",196_007,36,extraction_miss_other_model_has_total,False,True,CASTLEMORRIS,True
KILKENNY,KNOCKTOPHER,AGHAVILLER,CATSTOWN,IRE_GRIFF_196_008.jpg,196_008,15,extraction_miss_other_model_has_total,False,True,CROAN,True
KILKENNY,KNOCKTOPHER,AGHAVILLER,COALPITPARKS,IRE_GRIFF_196_008.jpg,196_008,5,extraction_miss_other_model_has_total,False,True,CROAN,True
KILKENNY,KNOCKTOPHER,AGHAVILLER,CONDONSTOWN,IRE_GRIFF_196_008.jpg,196_008,12,extraction_miss_other_model_has_total,False,True,CROAN,True
KILKENNY,KNOCKTOPHER,AGHAVILLER,CROAN,"IRE_GRIFF_196_008.jpg,IRE_GRIFF_196_009.jpg",196_009,22,extraction_miss_other_model_has_total,False,True,HUGGINSTOWN,True
KILKENNY,KNOCKTOPHER,AGHAVILLER,HUGGINSTOWN,"IRE_GRIFF_196_009.jpg,IRE_GRIFF_196_010.jpg,IRE_GRIFF_196_011.jpg",196_011,66,extraction_miss_other_model_has_total,False,True,KYLEVA,True
KILKENNY,KNOCKTOPHER,KILBEACON,GARRANDARRAGH,"IRE_GRIFF_196_019.jpg,IRE_GRIFF_196_020.jpg",196_020,19,extraction_miss_other_model_has_total,False,True,KILKEASY,True
KILKENNY,KNOCKTOPHER,KILLAHY,KILLAHY,IRE_GRIFF_196_022.jpg,196_022,7,extraction_miss_other_model_has_total,False,False,,True
KILKENNY,IVERK,FIDDOWN,BALLYGOWN,IRE_GRIFF_197_008.jpg,197_008,15,extraction_miss_other_model_has_total,False,False,,True
KILKENNY,IVERK,POLLRONE,MOONCOIN,"IRE_GRIFF_197_014.jpg,IRE_GRIFF_197_015.jpg,IRE_GRIFF_197_016.jpg",197_016,151,extraction_miss_other_model_has_total,False,True,PORTNASCULLY,True
KILKENNY,IVERK,PORTNASCULLY,LUFFANY,IRE_GRIFF_197_017.jpg,197_017,15,extraction_miss_other_model_has_total,False,True,BALLYTARSNEY,True
KILKENNY,IVERK,RATHKIERAN,BALLYTARSNEY,IRE_GRIFF_197_018.jpg,197_018,14,extraction_miss_other_model_has_total,False,True,TIBBERAGHNY,True
MEATH,"NAVAN, LOWER",NAVAN,DILLONSLAND,IRE_GRIFF_223_133.jpg,223_133,8,extraction_miss_other_model_has_total,False,False,,True
MEATH,LUNE,ATHBOY,TOWNPARKS,IRE_GRIFF_225_121.jpg,225_121,13,extraction_miss_other_model_has_total,False,True,TOWNPARKS,True
MONAGHAN,DARTREE,CLONES,CROSSMOYLE,IRE_GRIFF_229_034.jpg,229_034,10,extraction_miss_other_model_has_total,False,True,CROSSMOYLE,True
SLIGO,CARBURY,ST JOHN,MAGHERABOY,"IRE_GRIFF_253_157.jpg,IRE_GRIFF_253_158.jpg",253_158,76,extraction_miss_other_model_has_total,False,True,MAGHERABOY,True
TIPPERARY,MIDDLETHIRD,FETHARD,FETHARD,"IRE_GRIFF_260_069.jpg,IRE_GRIFF_260_070.jpg,IRE_GRIFF_260_071.jpg,IRE_GRIFF_260_072.jpg,IRE_GRIFF_260_073.jpg,IRE_GRIFF_260_074.jpg",260_074,306,extraction_miss_other_model_has_total,False,True,FETHARD,True
TIPPERARY,MIDDLETHIRD,FETHARD,FETHARD,"IRE_GRIFF_260_075.jpg,IRE_GRIFF_260_076.jpg",260_076,132,extraction_miss_other_model_has_total,False,True,FETHARD,True
TIPPERARY,MIDDLETHIRD,ST JOHN BAPTIST,WALLER'S-LOT,IRE_GRIFF_260_170.jpg,260_170,28,extraction_miss_other_model_has_total,False,True,WALLER'S-LOT,True
TIPPERARY,IKERRIN,ROSCREA,TOWNPARKS,"IRE_GRIFF_263_083.jpg,IRE_GRIFF_263_084.jpg,IRE_GRIFF_263_085.jpg,IRE_GRIFF_263_086.jpg,IRE_GRIFF_263_087.jpg,IRE_GRIFF_263_088.jpg,IRE_GRIFF_263_089.jpg,IRE_GRIFF_263_090.jpg,IRE_GRIFF_263_091.jpg,IRE_GRIFF_263_092.jpg",263_092,572,extraction_miss_other_model_has_total,False,True,TOWNPARKS,True
TIPPERARY,CLANWILLIAM,TIPPERARY,CARROWNREDDY,IRE_GRIFF_296_209.jpg,296_209,35,extraction_miss_other_model_has_total,False,True,CARROWNREDDY,True
TIPPERARY,CLANWILLIAM,TIPPERARY,CARROWNREDDY,"IRE_GRIFF_296_210.jpg,IRE_GRIFF_296_211.jpg,IRE_GRIFF_296_212.jpg,IRE_GRIFF_296_213.jpg",296_213,216,extraction_miss_other_model_has_total,False,True,CARROWNREDDY,True
CORK,ORRERY & KILMORE,RATHGOGGAN,"RATHGOGGAN, MIDDLE.","IRE_GRIFF_063_101.jpg,IRE_GRIFF_063_102.jpg",063_102,84,missing_in_both_models_mid_page,False,True,RATHGOGGAN MIDDLE,False
DOWN,"ARDS, LOWER",GREY ABBEY,CHANDERIES,IRE_GRIFF_086_194.jpg,086_194,4,missing_in_both_models_mid_page,False,False,,False
KILKENNY,KNOCKTOPHER,AGHAVILLER,BALLINVA,"IRE_GRIFF_196_005.jpg,IRE_GRIFF_196_006.jpg",196_006,11,missing_in_both_models_mid_page,False,True,BARNADOWN,False
KILKENNY,KNOCKTOPHER,AGHAVILLER,BOOLYGLASS,IRE_GRIFF_196_007.jpg,196_007,9,missing_in_both_models_mid_page,False,True,CASTLEMORRIS,False
KILKENNY,KNOCKTOPHER,AGHAVILLER,NEW MARKET,"IRE_GRIFF_196_012.jpg,IRE_GRIFF_196_013.jpg",196_013,23,missing_in_both_models_mid_page,False,False,,False
KILKENNY,KNOCKTOPHER,DERRYNAHINCH,BALLYHALE,IRE_GRIFF_196_013.jpg,196_013,6,missing_in_both_models_mid_page,False,False,,False
KILKENNY,KNOCKTOPHER,JERPOINTCHURCH,COOLROEBIG,IRE_GRIFF_196_017.jpg,196_017,11,missing_in_both_models_mid_page,False,False,,False
KILKENNY,KNOCKTOPHER,JERPOINTCHURCH,GLENMORE,IRE_GRIFF_196_017.jpg,196_017,6,missing_in_both_models_mid_page,False,False,,False
KILKENNY,KNOCKTOPHER,JERPOINTCHURCH,JERPOINTHILL,IRE_GRIFF_196_017.jpg,196_017,12,missing_in_both_models_mid_page,False,False,,False
KILKENNY,KNOCKTOPHER,KILBEACON,"BALLYNOONY, WEST",IRE_GRIFF_196_019.jpg,196_019,3,missing_in_both_models_mid_page,False,True,GARRANDARRAGH,False
KILKENNY,KNOCKTOPHER,KILKEASY,KILKEASY,"IRE_GRIFF_196_020.jpg,IRE_GRIFF_196_021.jpg",196_021,44,missing_in_both_models_mid_page,False,True,KNOCKMOYLAN,False
KILKENNY,KNOCKTOPHER,KILLAHY,"REDACRES, NORTH",IRE_GRIFF_196_022.jpg,196_022,4,missing_in_both_models_mid_page,False,False,,False
KILKENNY,KNOCKTOPHER,KILKEASY,"WHITESCASTLE, LOWER",IRE_GRIFF_196_025.jpg,196_025,9,missing_in_both_models_mid_page,False,False,,False
KILKENNY,IVERK,FIDDOWN,SANDPITS,IRE_GRIFF_197_010.jpg,197_010,3,missing_in_both_models_mid_page,False,False,,False
KILKENNY,IVERK,POLLRONE,BALLYTARSNEY,IRE_GRIFF_197_014.jpg,197_014,11,missing_in_both_models_mid_page,False,True,MOONCOIN,False
KILKENNY,IVERK,PORTNASCULLY,CORLUDDY,IRE_GRIFF_197_017.jpg,197_017,10,missing_in_both_models_mid_page,False,True,BALLYTARSNEY,False
KILKENNY,IVERK,TIBBERAGHNY,TIBBERAGHNY,"IRE_GRIFF_197_018.jpg,IRE_GRIFF_197_019.jpg",197_019,43,missing_in_both_models_mid_page,False,False,,False
KILKENNY,IVERK,ULLID,MOLUM,IRE_GRIFF_197_019.jpg,197_019,17,missing_in_both_models_mid_page,False,False,,False
MONAGHAN,DARTREE,CLONES,LEGARHILL,"IRE_GRIFF_229_041.jpg,IRE_GRIFF_229_042.jpg",229_042,29,missing_in_both_models_mid_page,False,False,,False
QUEEN'S,CULLENAGH,DYSARTGALLEN,KILCRONAN,IRE_GRIFF_236_055.jpg,236_055,41,missing_in_both_models_mid_page,False,False,,False
QUEEN'S,PORTNAHINCH,LEA,COOLTEDERY,"IRE_GRIFF_238_048.jpg,IRE_GRIFF_238_049.jpg,IRE_GRIFF_238_050.jpg",238_050,118,missing_in_both_models_mid_page,False,True,COOLTEDERY,False
SLIGO,CARBURY,ST JOHN,KNOCKNAGANNY,"IRE_GRIFF_253_166.jpg,IRE_GRIFF_253_167.jpg",253_167,24,missing_in_both_models_mid_page,False,True,KEECENAGANNT,False
SLIGO,CARBURY,ST JOHN,"ABBEYQUARTER, SOUTH",IRE_GRIFF_253_177.jpg,253_177,26,missing_in_both_models_mid_page,False,False,,False
TIPPERARY,ELIOGARTY,THURLES,STRADAVOHER,"IRE_GRIFF_262_105.jpg,IRE_GRIFF_262_106.jpg,IRE_GRIFF_262_107.jpg",262_107,158,missing_in_both_models_mid_page,False,True,STRADAVOHER,False
TIPPERARY,CLANWILLIAM,RELICKMURRY & ATHASSEL,VILLAGE OF GOLDEN,IRE_GRIFF_296_147.jpg,296_147,22,missing_in_both_models_mid_page,False,True,HOOPSLOT,False
