county_effective,barony_effective,parish_effective,townland_linked,page_names,row_count,category,neighbor_direction,neighbor_townland,neighbor_similarity,neighbor_total_rows,candidate_row_pos,candidate_is_last_row,candidate_occupier,candidate_total_val,sum_other_rows_total_val
ANTRIM,"DUNLUCE, LOWER",DERRYKEIGHAN,DERRYKEIGHAN,IRE_GRIFF_004_065.jpg,11,genuinely_missing,,,,,,,,,
ANTRIM,"DUNLUCE, LOWER",DERRYKEIGHAN,"BALLYNARRY, UPPER",IRE_GRIFF_004_067.jpg,4,genuinely_missing,,,,,,,,,
ANTRIM,"DUNLUCE, LOWER",DUNLUCE,BALLYBOGY,IRE_GRIFF_004_081.jpg,12,unflagged_total,,,,,11,True,Same,51 15 0,47 0 0
ANTRIM,"DUNLUCE, UPPER",LOUGHGUILE,"CLONTYFINNAN, WEST",IRE_GRIFF_004_093.jpg,18,split_segment,prev,"CLONTYFINNAN, EAST",0.941,2,,,,,
ANTRIM,"DUNLUCE, UPPER",BALLYMONEY,BALLYBRAKES,IRE_GRIFF_004_111.jpg,29,genuinely_missing,,,,,,,,,
ANTRIM,"DUNLUCE, UPPER",BALLYMONEY,TOWNPARKS,"IRE_GRIFF_004_116.jpg,IRE_GRIFF_004_117.jpg,IRE_GRIFF_004_118.jpg",172,genuinely_missing,,,,,,,,,
ANTRIM,"DUNLUCE, UPPER",BALLYMONEY,TOWN OF BALLYMONEY,IRE_GRIFF_004_118.jpg,7,genuinely_missing,,,,,,,,,
ANTRIM,"DUNLUCE, UPPER",BALLYMONEY,FORT-TOWN,IRE_GRIFF_004_140.jpg,16,unflagged_total,,,,,0,False,James Boyd,60 0 0,36 0 0
ANTRIM,"DUNLUCE, LOWER",BALLYWILLIN,PORTRUSH,"IRE_GRIFF_006_012.jpg,IRE_GRIFF_006_013.jpg,IRE_GRIFF_006_014.jpg,IRE_GRIFF_006_015.jpg,IRE_GRIFF_006_016.jpg",257,genuinely_missing,,,,,,,,,
ANTRIM,"DUNLUCE, LOWER",BALLYWILLIN,COLERAINE-ROAD,IRE_GRIFF_006_016.jpg,3,unflagged_total,,,,,1,False,"William Coleman,",20 0 0,29 0 0
ANTRIM,"DUNLUCE, LOWER",BILLY,BALLYHEMLIN,IRE_GRIFF_006_022.jpg,19,genuinely_missing,,,,,,,,,
ANTRIM,"DUNLUCE, LOWER",BILLY,CASTLEGAT,IRE_GRIFF_006_025.jpg,12,genuinely_missing,,,,,,,,,
ANTRIM,"DUNLUCE, LOWER",DUNLUCE,"PRIESTLAND, WEST",IRE_GRIFF_006_036.jpg,16,split_segment,prev,"PRIESTLAND, EAST",0.933,1,,,,,
ANTRIM,"DUNLUCE, LOWER",DUNLUCE,CRAIGABONEY,IRE_GRIFF_006_044.jpg,6,unflagged_total,,,,,1,False,Hugh Wilson,18 15 0,12 10 0
ARMAGH,ARMAGH,DERRYNOOSE,CORMEEN,IRE_GRIFF_018_226.jpg,2,tiny_segment,,,,,,,,,
ARMAGH,ARMAGH,DERRYNOOSE,DRUMAGANVER,IRE_GRIFF_018_232.jpg,27,genuinely_missing,,,,,,,,,
ARMAGH,ARMAGH,DERRYNOOSE,FARNALOY,IRE_GRIFF_018_237.jpg,38,genuinely_missing,,,,,,,,,
ARMAGH,ARMAGH,GRANGE,ANNAHAGH,IRE_GRIFF_018_244.jpg,11,genuinely_missing,,,,,,,,,
ARMAGH,ARMAGH,KEADY,LAGAN,IRE_GRIFF_018_272.jpg,17,genuinely_missing,,,,,,,,,
ARMAGH,ARMAGH,KEADY,TULLYGLUSH,"IRE_GRIFF_018_285.jpg,IRE_GRIFF_018_286.jpg",65,genuinely_missing,,,,,,,,,
ARMAGH,ARMAGH,KEADY,CROSSDENED,"IRE_GRIFF_018_289.jpg,IRE_GRIFF_018_290.jpg,IRE_GRIFF_018_291.jpg",97,genuinely_missing,,,,,,,,,
ARMAGH,ARMAGH,KEADY,CROSSMORE,IRE_GRIFF_018_291.jpg,50,genuinely_missing,,,,,,,,,
ARMAGH,ARMAGH,LOUGHGALL,BOROUGH OF CHARLEMONT,"IRE_GRIFF_018_303.jpg,IRE_GRIFF_018_304.jpg",48,genuinely_missing,,,,,,,,,
ARMAGH,ARMAGH,LOUGHGALL,TOWN OF CHARLEMONT,IRE_GRIFF_018_304.jpg,20,genuinely_missing,,,,,,,,,
ARMAGH,ARMAGH,LOUGHGALL,CORR AND DUNAVALLY,IRE_GRIFF_018_309.jpg,23,genuinely_missing,,,,,,,,,
ARMAGH,ARMAGH,LOUGHGALL,KINNEGOE,"IRE_GRIFF_018_313.jpg,IRE_GRIFF_018_314.jpg",46,genuinely_missing,,,,,,,,,
ARMAGH,ARMAGH,EGLISH,TAMLAGHT,IRE_GRIFF_018_319.jpg,14,genuinely_missing,,,,,,,,,
ARMAGH,ARMAGH,EGLISH,NAVAN,IRE_GRIFF_018_322.jpg,37,genuinely_missing,,,,,,,,,
ARMAGH,TIRANNY,TYNAN,ARDGONNELL,IRE_GRIFF_018_400.jpg,22,genuinely_missing,,,,,,,,,
ARMAGH,TIRANNY,TYNAN,MULLANARY,IRE_GRIFF_018_407.jpg,26,genuinely_missing,,,,,,,,,
ARMAGH,TIRANNY,TYNAN,CRANN,IRE_GRIFF_018_412.jpg,22,genuinely_missing,,,,,,,,,
ARMAGH,TIRANNY,TYNAN,TULLYGLUSH (NEVIN.),IRE_GRIFF_018_426.jpg,7,genuinely_missing,,,,,,,,,
ARMAGH,TIRANNY,TYNAN,CORTYNAN,IRE_GRIFF_018_427.jpg,54,genuinely_missing,,,,,,,,,
ARMAGH,TIRANNY,EGLISH,LISBANE,IRE_GRIFF_018_430.jpg,5,genuinely_missing,,,,,,,,,
LOUTH,LOUTH,LOUTH,CARRICKMULLAN,IRE_GRIFF_024_040.jpg,7,genuinely_missing,,,,,,,,,
LOUTH,LOUTH,LOUTH,MULLAVALLY,IRE_GRIFF_024_052.jpg,39,genuinely_missing,,,,,,,,,
LOUTH,LOUTH,LOUTH,RICHARD TAAFFE'S HOLDING,IRE_GRIFF_024_056.jpg,64,genuinely_missing,,,,,,,,,
LOUTH,"DUNDALK, UPPER",BALLYMASCANLAN,KILCURRY,IRE_GRIFF_024_062.jpg,9,unflagged_total,,,,,7,False,"James M'Ardle,",78 0 0,104 18 0
LOUTH,"DUNDALK, UPPER",DUNBIN,DONAGHMORE,IRE_GRIFF_024_076.jpg,33,genuinely_missing,,,,,,,,,
LOUTH,"DUNDALK, UPPER",DUNDALK,CARNBEG,IRE_GRIFF_024_080.jpg,6,genuinely_missing,,,,,,,,,
LOUTH,"DUNDALK, UPPER",INISHKEEN,GORTEEN,IRE_GRIFF_024_093.jpg,17,genuinely_missing,,,,,,,,,
LOUTH,"DUNDALK, UPPER",FAUGHART,BALRIGGAN,IRE_GRIFF_024_096.jpg,28,genuinely_missing,,,,,,,,,
LOUTH,"DUNDALK, UPPER",FAUGHART,DUNGOOLY,IRE_GRIFF_024_098.jpg,35,genuinely_missing,,,,,,,,,
LOUTH,"DUNDALK, UPPER",ROCHE,EDENAKILL,IRE_GRIFF_024_117.jpg,16,genuinely_missing,,,,,,,,,
LOUTH,"DUNDALK, MUNICIPAL BOROUGH OF",DUNDALK,TOWN PARKS,"IRE_GRIFF_024_121.jpg,IRE_GRIFF_024_122.jpg,IRE_GRIFF_024_123.jpg,IRE_GRIFF_024_124.jpg,IRE_GRIFF_024_125.jpg,IRE_GRIFF_024_126.jpg,IRE_GRIFF_024_127.jpg",421,genuinely_missing,,,,,,,,,
LOUTH,"DUNDALK, MUNICIPAL BOROUGH OF",DUNDALK,TOWN OF DUNDALK,IRE_GRIFF_024_128.jpg,66,genuinely_missing,,,,,,,,,
LOUTH,"DUNDALK, LOWER",CARLINGFORD,BAVAN,IRE_GRIFF_024_194.jpg,34,genuinely_missing,,,,,,,,,
LOUTH,"DUNDALK, LOWER",CARLINGFORD,COMMONS,"IRE_GRIFF_024_199.jpg,IRE_GRIFF_024_200.jpg,IRE_GRIFF_024_201.jpg,IRE_GRIFF_024_202.jpg",197,genuinely_missing,,,,,,,,,
LOUTH,"DUNDALK, LOWER",CARLINGFORD,TOWN OF CARLINGFORD,IRE_GRIFF_024_202.jpg,22,genuinely_missing,,,,,,,,,
LOUTH,"DUNDALK, LOWER",CARLINGFORD,CORNAMUCKLAGH,IRE_GRIFF_024_203.jpg,41,genuinely_missing,,,,,,,,,
LOUTH,"DUNDALK, LOWER",CARLINGFORD,MADDOXLAND,IRE_GRIFF_024_227.jpg,25,genuinely_missing,,,,,,,,,
CAVAN,TULLYHAW,KINAWLEY,"DRUMCONRA, OR LOWFORGE",IRE_GRIFF_027_024.jpg,7,genuinely_missing,,,,,,,,,
CAVAN,TULLYHAW,KINAWLEY,KNOCKRANNY,IRE_GRIFF_027_032.jpg,8,unflagged_total,,,,,0,False,Edward M'Hugh,5 0 0,9 0 0
CAVAN,TULLYHAW,TEMPLEPORT,ARDERRY,IRE_GRIFF_027_036.jpg,15,unflagged_total,,,,,8,False,Rosanna Devine,16 10 0,32 18 0
CAVAN,TULLYHAW,TEMPLEPORT,DRUMLOUGHER,IRE_GRIFF_027_054.jpg,21,genuinely_missing,,,,,,,,,
CAVAN,TULLYHAW,TEMPLEPORT,KILLYCRIN,IRE_GRIFF_027_060.jpg,17,genuinely_missing,,,,,,,,,
CAVAN,TULLYHAW,TEMPLEPORT,OWENCAM,IRE_GRIFF_027_069.jpg,9,genuinely_missing,,,,,,,,,
CAVAN,TULLYHAW,TEMPLEPORT,TULLYTRASNA,IRE_GRIFF_027_077.jpg,5,unflagged_total,,,,,2,False,"Michael Cassidy,",4 10 0,7 0 0
CAVAN,TULLYHAW,TOMREGAN,CARROWMORE,IRE_GRIFF_027_079.jpg,8,genuinely_missing,,,,,,,,,
CAVAN,CLANMAHON,KILMORE,CORNAMUCKLAGH,IRE_GRIFF_028_116.jpg,3,genuinely_missing,,,,,,,,,
CAVAN,CASTLERAHAN,CROSSERLOUGH,LATNADRONAGH,IRE_GRIFF_028_141.jpg,18,genuinely_missing,,,,,,,,,
CAVAN,"LOUGHTEE, LOWER",ANNAGH,CORPORATION LANDS,"IRE_GRIFF_028_151.jpg,IRE_GRIFF_028_152.jpg,IRE_GRIFF_028_153.jpg,IRE_GRIFF_028_154.jpg",170,genuinely_missing,,,,,,,,,
CAVAN,"LOUGHTEE, LOWER",ANNAGH,BLACK BOG,IRE_GRIFF_028_154.jpg,36,genuinely_missing,,,,,,,,,
CAVAN,"LOUGHTEE, LOWER",ANNAGH,RED BOG,IRE_GRIFF_028_161.jpg,1,tiny_segment,,,,,,,,,
CAVAN,"LOUGHTEE, LOWER",ANNAGH,TOWN OF BELTURBET,IRE_GRIFF_028_161.jpg,11,genuinely_missing,,,,,,,,,
CAVAN,"LOUGHTEE, LOWER",ANNAGH,CREENY,IRE_GRIFF_028_162.jpg,26,genuinely_missing,,,,,,,,,
CAVAN,"LOUGHTEE, LOWER",ANNAGH,DRUMCALPIN,IRE_GRIFF_028_166.jpg,7,unflagged_total,,,,,6,True,"Michael M'Gerty,",22 5 0,33 15 0
CAVAN,"LOUGHTEE, LOWER",ANNAGH,ROSSKEERAGH,IRE_GRIFF_028_172.jpg,22,genuinely_missing,,,,,,,,,
CAVAN,"LOUGHTEE, LOWER",DRUMLANE,GREAGHRAHAN,IRE_GRIFF_028_197.jpg,5,genuinely_missing,,,,,,,,,
CAVAN,TULLYGARVEY,ANNAGH,TUNKER,IRE_GRIFF_028_229.jpg,5,unflagged_total,,,,,2,False,"John Goodwin, .",16 10 0,15 5 0
CAVAN,"LOUGHTEE, UPPER",DENN,CORRAWEEELIS,IRE_GRIFF_028_278.jpg,26,genuinely_missing,,,,,,,,,
CAVAN,"LOUGHTEE, UPPER",KILMORE,DRUMCOR,IRE_GRIFF_028_297.jpg,4,unflagged_total,,,,,0,False,James Reilly,38 5 0,39 5 0
CAVAN,"LOUGHTEE, UPPER",LARAH,CORFAD,IRE_GRIFF_028_310.jpg,4,genuinely_missing,,,,,,,,,
CAVAN,"LOUGHTEE, UPPER",LARAH,"TIRLAHODE, LOWER",IRE_GRIFF_028_316.jpg,19,genuinely_missing,,,,,,,,,
CAVAN,"LOUGHTEE, UPPER",URNEY,KILNAVARA,IRE_GRIFF_028_348.jpg,27,genuinely_missing,,,,,,,,,
CAVAN,"LOUGHTEE, UPPER",URNEY,LURGANBOY,"IRE_GRIFF_028_350.jpg,IRE_GRIFF_028_351.jpg",29,unflagged_total,,,,,1,False,Rev. Wm. P. Moore,60 0 0,88 7 0
CAVAN,"LOUGHTEE, UPPER",URNEY,KILNAVARRA LANE,IRE_GRIFF_028_351.jpg,31,genuinely_missing,,,,,,,,,
CAVAN,"LOUGHTEE, UPPER",URNEY,RAHULTAN,IRE_GRIFF_028_353.jpg,7,unflagged_total,,,,,2,False,Michael Kenny,27 10 0,37 15 0
CAVAN,"LOUGHTEE, UPPER",URNEY,TULLYYMONGAN UPPER,IRE_GRIFF_028_358.jpg,8,split_segment,prev,TULLYYMONGAN LOWER,0.824,1,,,,,
CAVAN,TULLYGARVEY,DRUMGOON,KILLYVAGHAN,IRE_GRIFF_029_032.jpg,13,unflagged_total,,,,,3,False,Richard Coote (minor),28 0 0,33 18 0
CAVAN,TULLYGARVEY,DRUMGOON,TOWN OF COOTEHILL,IRE_GRIFF_029_040.jpg,1,tiny_segment,,,,,,,,,
CAVAN,TULLYGARVEY,DRUMGOON,FOTTLEREAGH,IRE_GRIFF_029_045.jpg,14,genuinely_missing,,,,,,,,,
CAVAN,TULLYGARVEY,KILDRUMSHERDAN,RATRUSSAN,IRE_GRIFF_029_101.jpg,16,genuinely_missing,,,,,,,,,
CAVAN,TULLYHAW,KILLINAGH,ISLANDS,IRE_GRIFF_030_020.jpg,2,tiny_segment,,,,,,,,,
CAVAN,TULLYHAW,KILLINAGH,MONESK,IRE_GRIFF_030_024.jpg,2,tiny_segment,,,,,,,,,
CAVAN,TULLYHAW,TEMPLEPORT,COPPANAGHMORE,IRE_GRIFF_030_036.jpg,3,unflagged_total,,,,,0,False,Honoria Dolan,6 0 0,12 0 0
CAVAN,TULLYHAW,TEMPLEPORT,"GARVALT, LOWER",IRE_GRIFF_030_040.jpg,2,tiny_segment,,,,,,,,,
CAVAN,TULLYHAW,TEMPLEPORT,MONEENSAURAN,IRE_GRIFF_030_043.jpg,37,genuinely_missing,,,,,,,,,
CAVAN,CLANMAHON,DRUMLUMMAN,DRUMHAWNAGH,IRE_GRIFF_031_019.jpg,7,unflagged_total,,,,,0,False,Edward Dalton,15 10 0,9 15 0
CAVAN,CLANMAHON,DRUMLUMMAN,KILSARAN,IRE_GRIFF_031_026.jpg,32,genuinely_missing,,,,,,,,,
CAVAN,CLANMAHON,DRUMLUMMAN,"MOYNAGH, UPPER",IRE_GRIFF_031_030.jpg,7,unflagged_total,,,,,0,False,Rev. Matthew Webb,18 0 0,26 15 0
CAVAN,CASTLERAHAN,CASTLERAHAN,BARCONNY (ROBINSON),IRE_GRIFF_032_011.jpg,12,unflagged_total,,,,,1,False,Thomas Reilly,30 15 0,51 15 0
CAVAN,CASTLERAHAN,CASTLERAHAN,CORNAMUCKLAGH,IRE_GRIFF_032_021.jpg,6,unflagged_total,,,,,0,False,George L'Estrange,14 0 0,22 10 0
CAVAN,CLANMAHON,KILBRIDE,"DUNGUMMIN, UPPER",IRE_GRIFF_032_079.jpg,12,genuinely_missing,,,,,,,,,
CORK,CONDONS & CLANGIBBON,BRIGOWN,TOWN OF MITCHELSTOWN,IRE_GRIFF_046_014.jpg,2,tiny_segment,,,,,,,,,
CORK,CONDONS & CLANGIBBON,BRIGOWN,BRIGOWN,"IRE_GRIFF_046_015.jpg,IRE_GRIFF_046_016.jpg",116,genuinely_missing,,,,,,,,,
CORK,CONDONS & CLANGIBBON,BRIGOWN,KILFINNAN ROAD,IRE_GRIFF_046_016.jpg,2,tiny_segment,,,,,,,,,
CORK,CONDONS & CLANGIBBON,BRIGOWN,COOLNANAVE,IRE_GRIFF_046_028.jpg,3,genuinely_missing,,,,,,,,,
CORK,CONDONS & CLANGIBBON,BRIGOWN,GARRYLEAGH,IRE_GRIFF_046_032.jpg,1,tiny_segment,,,,,,,,,
CORK,CONDONS & CLANGIBBON,BRIGOWN,SKEHEEN,IRE_GRIFF_046_037.jpg,1,tiny_segment,,,,,,,,,
CORK,CONDONS & CLANGIBBON,FERMOY,COOLMUCKY,IRE_GRIFF_046_064.jpg,5,unflagged_total,,,,,1,False,"John Hyde,",76 0 0,61 10 0
CORK,CONDONS & CLANGIBBON,FERMOY,FERMOY,"IRE_GRIFF_046_067.jpg,IRE_GRIFF_046_068.jpg,IRE_GRIFF_046_069.jpg,IRE_GRIFF_046_070.jpg,IRE_GRIFF_046_071.jpg,IRE_GRIFF_046_072.jpg,IRE_GRIFF_046_073.jpg,IRE_GRIFF_046_074.jpg",372,genuinely_missing,,,,,,,,,
CORK,CONDONS & CLANGIBBON,FERMOY,BOG-LANE,IRE_GRIFF_046_074.jpg,4,unflagged_total,,,,,1,False,Lodgers,2 0 0,1 12 0
CORK,CONDONS & CLANGIBBON,FERMOY,"GRANGE, WEST.",IRE_GRIFF_046_082.jpg,31,split_segment,prev,"GRANGE, EAST.",0.909,1,,,,,
CORK,CONDONS & CLANGIBBON,KILDORRERY,OLDCASTLETOWN,IRE_GRIFF_046_094.jpg,35,genuinely_missing,,,,,,,,,
CORK,CONDONS & CLANGIBBON,KILDORRERY,SCART,IRE_GRIFF_046_096.jpg,64,genuinely_missing,,,,,,,,,
CORK,DUHALLOW (PART I),CLONFERT,KILKNOCKANE,IRE_GRIFF_049_049.jpg,25,genuinely_missing,,,,,,,,,
CORK,DUHALLOW (PART I),CLONFERT,KNOCKSKAVANE,IRE_GRIFF_049_055.jpg,20,genuinely_missing,,,,,,,,,
CORK,DUHALLOW (PART I),CLONMEEN,"CLONMEEN, SOUTH",IRE_GRIFF_049_081.jpg,30,split_segment,prev,"CLONMEEN, NORTH",0.857,3,,,,,
CORK,DUHALLOW (PART I),DROMTARRIFF (PART OF),DROMAGH,IRE_GRIFF_049_101.jpg,28,unflagged_total,,,,,4,False,Nicholas P. Leader,241 0 0,178 3 0
CORK,DUHALLOW (PART II),KILSHANNIG,BRITTAS,IRE_GRIFF_050_019.jpg,30,genuinely_missing,,,,,,,,,
CORK,DUHALLOW (PART III),CULLEN,"KNOCKDUFF, UPPER",IRE_GRIFF_051_017.jpg,25,split_segment,prev,"KNOCKDUFF, LOWER",0.8,1,,,,,
CORK,DUHALLOW (PART III),KILMEEN,"URRAGHILMORE, WEST",IRE_GRIFF_051_040.jpg,3,unflagged_total,,,,,0,False,"Daniel Connor (Pat.),",21 5 0,16 0 0
CORK,DUHALLOW (PART III),NOHAVALDALY,LYREDAOWEN,IRE_GRIFF_051_044.jpg,13,genuinely_missing,,,,,,,,,
CORK,ORRERY & KILMORE,BALLYCLOGH,BALLYCLOGH,IRE_GRIFF_063_011.jpg,1,tiny_segment,,,,,,,,,
CORK,ORRERY & KILMORE,BUTTEVANT,BUTTEVANT,IRE_GRIFF_063_011.jpg,2,tiny_segment,,,,,,,,,
CORK,ORRERY & KILMORE,BUTTEVANT,CREGGANE,IRE_GRIFF_063_011.jpg,1,tiny_segment,,,,,,,,,
CORK,ORRERY & KILMORE,CHURCHTOWN,CHURCHTOWN,IRE_GRIFF_063_012.jpg,1,tiny_segment,,,,,,,,,
CORK,ORRERY & KILMORE,KILBOLANE,"MAINE, SOUTH",IRE_GRIFF_063_012.jpg,1,tiny_segment,,,,,,,,,
CORK,ORRERY & KILMORE,LISCARROLL,COOLBANE,IRE_GRIFF_063_012.jpg,2,tiny_segment,,,,,,,,,
CORK,ORRERY & KILMORE,RATHGOGGAN,"RATHGOGGAN, MIDDLE",IRE_GRIFF_063_012.jpg,7,unflagged_total,,,,,5,False,Board of Guardians of Kilmallock Union,62 15 0,63 19 0
CORK,ORRERY & KILMORE,BUTTEVANT,BUTTEVANT,IRE_GRIFF_063_036.jpg,57,genuinely_missing,,,,,,,,,
CORK,ORRERY & KILMORE,BUTTEVANT,CREGGANE,IRE_GRIFF_063_040.jpg,22,genuinely_missing,,,,,,,,,
CORK,ORRERY & KILMORE,BUTTEVANT,TOWN OF BUTTEVANT,IRE_GRIFF_063_040.jpg,1,tiny_segment,,,,,,,,,
CORK,ORRERY & KILMORE,KILBRONEY,BALLYNATRILLA,IRE_GRIFF_063_081.jpg,11,genuinely_missing,,,,,,,,,
CORK,ORRERY & KILMORE,LISCARROLL,MOYGE,IRE_GRIFF_063_095.jpg,12,unflagged_total,,,,,5,False,Maurice Newman,143 10 0,184 12 0
CORK,ORRERY & KILMORE,RATHGOGGAN,"RATHGOGGAN, MIDDLE.","IRE_GRIFF_063_101.jpg,IRE_GRIFF_063_102.jpg",84,genuinely_missing,,,,,,,,,
CORK,ORRERY & KILMORE,RATHGOGGAN,TOWN OF CHARLEVILLE,IRE_GRIFF_063_102.jpg,43,genuinely_missing,,,,,,,,,
CORK,ORRERY & KILMORE,SHANDRUM,CLYDERRA GH,IRE_GRIFF_063_118.jpg,6,unflagged_total,,,,,0,False,James Drennan,96 0 0,92 19 0
DOWN,"IVEAGH, UPPER (UPPER HALF)",SEAPATRICK,TOWN OF BANBRIDGE,IRE_GRIFF_079_056.jpg,2,tiny_segment,,,,,,,,,
DOWN,"IVEAGH, UPPER (UPPER HALF)",AGHADERG,CARRICKDRUMMAN,IRE_GRIFF_079_057.jpg,16,genuinely_missing,,,,,,,,,
DOWN,"IVEAGH, UPPER (UPPER HALF)",AGHADERG,DRUMNAHARE,"IRE_GRIFF_079_077.jpg,IRE_GRIFF_079_079.jpg",26,genuinely_missing,,,,,,,,,
DOWN,"IVEAGH, UPPER (UPPER HALF)",AGHADERG,LOUGHERICKLAND,IRE_GRIFF_079_079.jpg,49,genuinely_missing,,,,,,,,,
DOWN,"IVEAGH, UPPER (UPPER HALF)",AGHADERG,BALLYGOWAN,IRE_GRIFF_079_080.jpg,31,genuinely_missing,,,,,,,,,
DOWN,"IVEAGH, UPPER (LOWER HALF)",DRUMBALLYRONEY,IMDEL,IRE_GRIFF_079_094.jpg,11,unflagged_total,,,,,1,False,Robert Nesbitt,65 15 0,83 15 0
DOWN,"IVEAGH, UPPER (LOWER HALF)",DRUMBALLYRONEY,LACKAN,IRE_GRIFF_079_109.jpg,7,unflagged_total,,,,,0,False,John Murphy,71 10 0,51 5 0
DOWN,"ARDS, UPPER",BALLYPHILIP,TULLYBOARD,IRE_GRIFF_081_178.jpg,37,genuinely_missing,,,,,,,,,
DOWN,"ARDS, UPPER",SLANES,NEWCASTLE,IRE_GRIFF_081_191.jpg,28,genuinely_missing,,,,,,,,,
DOWN,"LECALE, LOWER",BALLEE,SLIEVENAGRIDDLE,IRE_GRIFF_081_213.jpg,42,genuinely_missing,,,,,,,,,
DOWN,"LECALE, LOWER",BALLYCULTER,ISLANDS,IRE_GRIFF_081_225.jpg,7,unflagged_total,,,,,3,False,"Bernard Hinds,",10 0 0,7 0 0
DOWN,"LECALE, LOWER",DUNSFORT,SHEEPLAND BEG.,IRE_GRIFF_081_232.jpg,3,genuinely_missing,,,,,,,,,
DOWN,"LECALE, UPPER",RATHMULLAN,BALLYVASTON,IRE_GRIFF_081_285.jpg,23,genuinely_missing,,,,,,,,,
DOWN,"LECALE, UPPER",RATHMULLAN,BALLYLUCAS,IRE_GRIFF_081_295.jpg,25,genuinely_missing,,,,,,,,,
DOWN,"IVEAGH, UPPER (LOWER HALF)",MAGHERA,BALLYGINNY,IRE_GRIFF_082_143.jpg,47,unflagged_total,,,,,31,False,"John Robinson,",66 0 0,124 5 0
DOWN,"IVEAGH, UPPER (LOWER HALF)",DRUMBALLYRONEY,CAVAN,IRE_GRIFF_085_041.jpg,8,genuinely_missing,,,,,,,,,
DOWN,"IVEAGH, UPPER (UPPER HALF)",DRUMGATH,KILTARRIFF,"IRE_GRIFF_085_057.jpg,IRE_GRIFF_085_058.jpg",31,genuinely_missing,,,,,,,,,
DOWN,"IVEAGH, UPPER (UPPER HALF)",DRUMGATH,TOWN OF RATHFRYLAND,IRE_GRIFF_085_058.jpg,34,genuinely_missing,,,,,,,,,
DOWN,"IVEAGH, UPPER (UPPER HALF)",DRUMGATH,DRUMLOUGH,IRE_GRIFF_085_063.jpg,52,genuinely_missing,,,,,,,,,
DOWN,"IVEAGH, UPPER (UPPER HALF)",CLONALLAN,CROAN,IRE_GRIFF_085_077.jpg,14,unflagged_total,,,,,1,False,Mary Todd,47 0 0,52 5 0
DOWN,"ARDS, LOWER",BANGOR,GROOMSPORT,IRE_GRIFF_086_124.jpg,40,unflagged_total,,,,,0,False,"(Groomsport House.) Robert P. Maxwell,",255 0 0,162 5 0
DOWN,"ARDS, LOWER",BANGOR,CORPORATION,"IRE_GRIFF_086_128.jpg,IRE_GRIFF_086_129.jpg,IRE_GRIFF_086_130.jpg,IRE_GRIFF_086_131.jpg,IRE_GRIFF_086_132.jpg,IRE_GRIFF_086_133.jpg,IRE_GRIFF_086_134.jpg,IRE_GRIFF_086_135.jpg",405,genuinely_missing,,,,,,,,,
DOWN,"ARDS, LOWER",BANGOR,BALLYMAGEE-STREET,IRE_GRIFF_086_135.jpg,24,genuinely_missing,,,,,,,,,
DOWN,"ARDS, LOWER",DONAGHADEE,DRUMFAD,IRE_GRIFF_086_150.jpg,21,genuinely_missing,,,,,,,,,
DOWN,"ARDS, LOWER",DONAGHADEE,GRANGEE,IRE_GRIFF_086_159.jpg,34,genuinely_missing,,,,,,,,,
DOWN,"ARDS, LOWER",GREY ABBEY,BALLYBOGHILBO,IRE_GRIFF_086_182.jpg,17,genuinely_missing,,,,,,,,,
DOWN,"ARDS, LOWER",GREY ABBEY,ISLANDS,IRE_GRIFF_086_194.jpg,1,tiny_segment,,,,,,,,,
DOWN,"ARDS, LOWER",GREY ABBEY,CHANDERIES,IRE_GRIFF_086_194.jpg,4,genuinely_missing,,,,,,,,,
DOWN,"ARDS, LOWER",GREY ABBEY,PEGGY'S ISLAND,IRE_GRIFF_086_194.jpg,1,tiny_segment,,,,,,,,,
DOWN,"ARDS, LOWER",GREY ABBEY,MID ISLAND,IRE_GRIFF_086_194.jpg,1,tiny_segment,,,,,,,,,
DOWN,"ARDS, LOWER",GREY ABBEY,SOUTH ISLAND,IRE_GRIFF_086_194.jpg,1,tiny_segment,,,,,,,,,
DOWN,"ARDS, LOWER",GREY ABBEY,GABBOCK ISLAND,IRE_GRIFF_086_194.jpg,1,tiny_segment,,,,,,,,,
DOWN,"ARDS, LOWER",GREY ABBEY,CHAPEL ISLAND,IRE_GRIFF_086_194.jpg,1,tiny_segment,,,,,,,,,
DOWN,"ARDS, LOWER",GREY ABBEY,PIG ISLAND,IRE_GRIFF_086_197.jpg,1,tiny_segment,,,,,,,,,
DOWN,"ARDS, LOWER",NEWTOWN ARDS,CUNNINGBURN,IRE_GRIFF_086_201.jpg,32,genuinely_missing,,,,,,,,,
DOWN,"ARDS, LOWER",NEWTOWN ARDS,LOUGHRISCOUSE,IRE_GRIFF_086_205.jpg,60,genuinely_missing,,,,,,,,,
DOWN,"ARDS, LOWER",NEWTOWN ARDS,"CORPORATION, NORTH","IRE_GRIFF_086_213.jpg,IRE_GRIFF_086_214.jpg",103,genuinely_missing,,,,,,,,,
DOWN,"ARDS, LOWER",NEWTOWN ARDS,TOWN OF NEWTOWN ARDS,IRE_GRIFF_086_214.jpg,20,genuinely_missing,,,,,,,,,
DOWN,"ARDS, UPPER",INISHARGY,BALLYLINP,IRE_GRIFF_086_251.jpg,17,unflagged_total,,,,,0,False,John Browne,120 0 0,215 15 0
DOWN,"ARDS, UPPER","ST ANDREWS, ALIAS BALLYHALBERT",BALLYHALBERT,IRE_GRIFF_086_265.jpg,19,unflagged_total,,,,,0,False,Henry Miller,47 5 0,92 10 0
FERMANAGH,CLANAWLEY,KILLESHER,CLONTYMULLAN,IRE_GRIFF_108_032.jpg,12,unflagged_total,,,,,11,True,Patrick Maguire,20 15 0,25 10 0
FERMANAGH,CLANAWLEY,CLEENISH,CARRICKABWEEHAN,IRE_GRIFF_108_072.jpg,2,tiny_segment,,,,,,,,,
FERMANAGH,CLANAWLEY,GLEENISH,DERRYSCOBE,IRE_GRIFF_108_085.jpg,11,genuinely_missing,,,,,,,,,
FERMANAGH,MAGHERABOY,BOHO,DRUMAA,IRE_GRIFF_108_106.jpg,6,genuinely_missing,,,,,,,,,
FERMANAGH,MAGHERABOY,ROSSORRY,MULLAGHREE,IRE_GRIFF_108_153.jpg,7,genuinely_missing,,,,,,,,,
FERMANAGH,MAGHERABOY,ROSSORRY,PORTORA,IRE_GRIFF_108_158.jpg,5,genuinely_missing,,,,,,,,,
FERMANAGH,MAGHERASTEPHANA,AGHALURCHER,ERDINAGH,IRE_GRIFF_110_104.jpg,3,unflagged_total,,,,,2,True,"William Liddell, jun.",12 5 0,15 5 0
FERMANAGH,MAGHERASTEPHANA,AGHALURCHER,CREAGHANA-MEELTA ISLAND,IRE_GRIFF_110_123.jpg,1,tiny_segment,,,,,,,,,
FERMANAGH,MAGHERASTEPHANA,AGHALURCHER,CREAGHAMANONE ISLAND,IRE_GRIFF_110_123.jpg,1,tiny_segment,,,,,,,,,
FERMANAGH,MAGHERASTEPHANA,AGHALURCHER,EDERGOLE ISLAND,IRE_GRIFF_110_123.jpg,1,tiny_segment,,,,,,,,,
FERMANAGH,MAGHERASTEPHANA,AGHALURCHER,KNOCKS,IRE_GRIFF_110_136.jpg,4,unflagged_total,,,,,0,False,Thomas M'Caffrey,7 10 0,9 5 0
FERMANAGH,MAGHERASTEPHANA,AGHALURCHER,AGHNASKEW,IRE_GRIFF_110_144.jpg,28,genuinely_missing,,,,,,,,,
FERMANAGH,MAGHERASTEPHANA,AGHALURCREE,DRUMGOON,IRE_GRIFF_110_146.jpg,8,genuinely_missing,,,,,,,,,
FERMANAGH,MAGHERASTEPHANA,AGHALURCHER,ALTAGOAGHAN,IRE_GRIFF_110_155.jpg,3,genuinely_missing,,,,,,,,,
KILDARE,"SALT, NORTH",KILDROUGHT,KILWOGHAN,IRE_GRIFF_130_022.jpg,6,genuinely_missing,,,,,,,,,
KILDARE,"SALT, NORTH",LEIXLIP,NEWTOWN,IRE_GRIFF_130_045.jpg,3,unflagged_total,,,,,2,True,M. G. W. Railway & Royal Canal Co.,32 0 0,20 10 0
KILDARE,"SALT, NORTH",KILDROUGHT,AGHARDS,IRE_GRIFF_131_007.jpg,2,tiny_segment,,,,,,,,,
KILDARE,"SALT, NORTH",KILDROUGHT,CELBRIDGE,IRE_GRIFF_131_008.jpg,28,genuinely_missing,,,,,,,,,
KILDARE,"SALT, NORTH",KILDROUGHT,KILDROUGHT,IRE_GRIFF_131_010.jpg,56,genuinely_missing,,,,,,,,,
KILDARE,"SALT, NORTH",KILDROUGHT,CELBRIDGE,IRE_GRIFF_131_011.jpg,55,genuinely_missing,,,,,,,,,
KILDARE,"SALT, NORTH",KILDROUGHT,MOORTOWN,IRE_GRIFF_131_013.jpg,3,genuinely_missing,,,,,,,,,
KILDARE,"SALT, NORTH",LEIXLIP,LEIXLIP,IRE_GRIFF_131_018.jpg,15,unflagged_total,,,,,0,False,"John Hackett, Esq.",141 0 0,232 1 0
KILDARE,"SALT, NORTH",LEIXLIP,TOWN OF LEIXLIP,IRE_GRIFF_131_019.jpg,3,unflagged_total,,,,,2,True,Lawrence Dempsey,6 15 0,5 0 0
KILDARE,"SALT, NORTH",DONAGHMORE,BLAKESTOWN,IRE_GRIFF_131_025.jpg,6,unflagged_total,,,,,2,False,Thomas Walsh,89 0 0,120 15 0
KILDARE,"SALT, NORTH",LARAGHBRYAN,CRINSTOWN,IRE_GRIFF_131_026.jpg,1,tiny_segment,,,,,,,,,
KILDARE,"SALT, NORTH",LARAGHBRYAN,GREENFIELD,IRE_GRIFF_131_027.jpg,5,unflagged_total,,,,,4,True,Michael Cullen,146 10 0,94 10 0
KILDARE,"SALT, NORTH",LARAGHBRYAN,TOWN OF MAYNOOTH (Part of.),IRE_GRIFF_131_027.jpg,23,genuinely_missing,,,,,,,,,
KILDARE,"SALT, NORTH",LARAGHBRYAN,MAYNOOTH,"IRE_GRIFF_131_029.jpg,IRE_GRIFF_131_031.jpg",100,genuinely_missing,,,,,,,,,
KILDARE,"SALT, NORTH",LARAGHBRYAN,NEWTOWN,IRE_GRIFF_131_034.jpg,3,unflagged_total,,,,,0,False,Bartholomew Meabe,82 0 0,46 15 0
KILDARE,"SALT, NORTH",STRAFFAN,LODGEPARK,IRE_GRIFF_131_038.jpg,2,tiny_segment,,,,,,,,,
KILDARE,"SALT, NORTH",TAGHADOE,GRAIGUESALLAGH,IRE_GRIFF_131_040.jpg,7,genuinely_missing,,,,,,,,,
KILDARE,"SALT, NORTH",TAGHADOE,TAGHADOE,IRE_GRIFF_131_041.jpg,3,genuinely_missing,,,,,,,,,
KILDARE,"SALT, SOUTH",DONAGHCUMPER,DONAGHCUMPER,IRE_GRIFF_132_014.jpg,42,genuinely_missing,,,,,,,,,
KILDARE,"SALT, SOUTH",DONAGHCUMPER (PART OF),NEWTOWN,IRE_GRIFF_132_015.jpg,21,genuinely_missing,,,,,,,,,
KILDARE,"SALT, SOUTH",DONAGHCUMPER,SIMMONSTOWN,IRE_GRIFF_132_016.jpg,22,unflagged_total,,,,,6,False,Richard Cooney,141 10 0,174 2 0
KILDARE,"SALT, SOUTH",LYONS,STACUMNY COTTAGE,IRE_GRIFF_132_020.jpg,8,unflagged_total,,,,,2,False,Gt. S. & W. Railway Company,159 10 0,140 8 0
KILDARE,"SALT, SOUTH",CLONAGHLIS,CLONAGHLIS,IRE_GRIFF_133_006.jpg,22,unflagged_total,,,,,17,False,Thomas Reade,280 10 0,247 9 0
KILDARE,"SALT, SOUTH",DONAGHCUMPER (PART OF),REEVES,IRE_GRIFF_133_009.jpg,2,tiny_segment,,,,,,,,,
KILDARE,IKEATHY AND OUGHTERANY,BALRAHEEN,"RATHCOFFEY, NORTH",IRE_GRIFF_134_010.jpg,9,unflagged_total,,,,,0,False,Patrick Coonan,48 0 0,48 0 0
KILDARE,IKEATHY AND OUGHTERANY,CLONCURRY,CORCORANSTOWN,IRE_GRIFF_134_012.jpg,1,tiny_segment,,,,,,,,,
KILDARE,IKEATHY AND OUGHTERANY,CLONSHANBO,HODGESTOWN,IRE_GRIFF_134_018.jpg,7,unflagged_total,,,,,0,False,"John Beahan, jun.",1 15 0,3 6 0
KILDARE,IKEATHY AND OUGHTERANY,DONADEA,"KILNAMORAGH, SOUTH",IRE_GRIFF_134_020.jpg,2,split_segment,prev,"KILNAMORAGH, NORTH",0.882,1,,,,,
KILDARE,IKEATHY AND OUGHTERANY,KILCOCK,KILCOCK,"IRE_GRIFF_134_024.jpg,IRE_GRIFF_134_025.jpg,IRE_GRIFF_134_026.jpg,IRE_GRIFF_134_027.jpg,IRE_GRIFF_134_028.jpg",196,genuinely_missing,,,,,,,,,
KILDARE,IKEATHY AND OUGHTERANY,KILCOCK,BOHERBOY,IRE_GRIFF_134_028.jpg,32,genuinely_missing,,,,,,,,,
KILDARE,IKEATHY AND OUGHTERANY,MAINHAM,BOHERHOLE,IRE_GRIFF_135_008.jpg,4,unflagged_total,,,,,0,False,Garret Neill,5 0 0,8 0 0
KILDARE,IKEATHY AND OUGHTERANY,MAINHAM,MAINHAM,IRE_GRIFF_135_009.jpg,13,genuinely_missing,,,,,,,,,
KILDARE,IKEATHY AND OUGHTERANY,MAINHAM,MOUNTARMSTRONG,IRE_GRIFF_135_010.jpg,9,genuinely_missing,,,,,,,,,
KILDARE,IKEATHY AND OUGHTERANY,CLONCURRY,BALLYVONEEN,IRE_GRIFF_135_011.jpg,2,tiny_segment,,,,,,,,,
KILDARE,IKEATHY AND OUGHTERANY,CLONCURRY,FANAGHS,IRE_GRIFF_135_012.jpg,2,tiny_segment,,,,,,,,,
KILDARE,IKEATHY AND OUGHTERANY,DONADEA,"DONADEA, NORTH",IRE_GRIFF_135_017.jpg,6,split_segment,next,"DONADEA, SOUTH",0.846,2,,,,,
KILDARE,IKEATHY AND OUGHTERANY,SCULLOGESTOWN,HORTLAND,IRE_GRIFF_135_019.jpg,40,unflagged_total,,,,,0,False,John Donohoe,358 5 0,409 13 0
KILDARE,IKEATHY AND OUGHTERANY,KILCOCK,PORTGLORIAM,IRE_GRIFF_135_028.jpg,18,genuinely_missing,,,,,,,,,
KILDARE,CARBURY,CARBURY,CLONKEEN,IRE_GRIFF_136_042.jpg,45,genuinely_missing,,,,,,,,,
KILDARE,CARBURY,KILPATRICK,DRUMMOND,IRE_GRIFF_136_052.jpg,4,unflagged_total,,,,,1,False,"Richard Grattan,",116 15 0,90 5 0
KILDARE,CARBURY,KILPATRICK,TICKNEVIN,IRE_GRIFF_136_054.jpg,14,genuinely_missing,,,,,,,,,
KILDARE,CARBURY,MYLERSTOWN,CALFSTOWN,IRE_GRIFF_136_058.jpg,8,genuinely_missing,,,,,,,,,
KILDARE,"NAAS, SOUTH",BALLYMORE EUSTACE,BROADLEAS COMMONS,"IRE_GRIFF_137_022.jpg,IRE_GRIFF_137_023.jpg",116,genuinely_missing,,,,,,,,,
KILDARE,"NAAS, SOUTH",CARNALWAY,KILCULLEN-BRIDGE,IRE_GRIFF_137_029.jpg,18,genuinely_missing,,,,,,,,,
KILDARE,"NAAS, SOUTH",KILLASHEE,"NEWLAND, NORTH",IRE_GRIFF_137_040.jpg,16,unflagged_total,,,,,4,False,"Thomas Fitzpatrick,",249 0 0,146 14 0
KILDARE,CONNELL,GREATCONNELL,ROSETOWN,IRE_GRIFF_137_056.jpg,4,genuinely_missing,,,,,,,,,
KILDARE,CONNELL,KILMEAGE,LOWTOWN,IRE_GRIFF_137_066.jpg,9,unflagged_total,,,,,0,False,"Thomas Herbert,",12 15 0,7 10 0
KILDARE,CONNELL,LADYTOWN,LADYTOWN,IRE_GRIFF_137_071.jpg,18,unflagged_total,,,,,2,False,Thomas Duggan,210 10 0,414 13 0
KILDARE,CLANE,CLANE,CAPDOO COMMONS,IRE_GRIFF_137_119.jpg,26,unflagged_total,,,,,1,False,Thomas Rourke,15 15 0,12 16 6
KILDARE,"NAAS, NORTH",WHITECHURCH,CLOWNINGS,IRE_GRIFF_137_174.jpg,5,genuinely_missing,,,,,,,,,
KILDARE,"OFFALY, EAST",BALLYSAX,MADDENSTOWN NORTH,IRE_GRIFF_137_192.jpg,9,genuinely_missing,,,,,,,,,
KILDARE,"OFFALY, WEST",DUNEANY,BALLYGREANY,IRE_GRIFF_138_124.jpg,18,unflagged_total,,,,,11,False,Bridget Thorpe,30 0 0,50 15 0
KILDARE,"OFFALY, WEST",KILRUSH,KILRUSH,IRE_GRIFF_138_136.jpg,5,unflagged_total,,,,,4,True,Denis Brennan,16 10 0,11 10 0
KILDARE,"OFFALY, WEST",MONASTEREVIN,CLOGHEEN,IRE_GRIFF_138_147.jpg,57,genuinely_missing,,,,,,,,,
KILDARE,"OFFALY, WEST",MONASTEREVIN,OGHIL,IRE_GRIFF_138_156.jpg,22,genuinely_missing,,,,,,,,,
KILDARE,"OFFALY, WEST",NURNEY,BALKINSTOWN,IRE_GRIFF_138_159.jpg,4,genuinely_missing,,,,,,,,,
KILKENNY,KNOCKTOPHER,AGHAVILLER,BOOLYGLASS,IRE_GRIFF_139_011.jpg,31,genuinely_missing,,,,,,,,,
KILKENNY,KNOCKTOPHER,DERRYNAHINCH,BALLYHALE,IRE_GRIFF_139_018.jpg,20,genuinely_missing,,,,,,,,,
KILKENNY,KNOCKTOPHER,JERPOINTCHURCH,COTTERELLSBOOLY,IRE_GRIFF_139_030.jpg,46,genuinely_missing,,,,,,,,,
KILKENNY,KNOCKTOPHER,JERPOINTCHURCH,OLDTOWN,IRE_GRIFF_139_033.jpg,55,genuinely_missing,,,,,,,,,
KILKENNY,KNOCKTOPHER,KILBEACON,GARRANDARRAGH,"IRE_GRIFF_139_038.jpg,IRE_GRIFF_139_039.jpg",46,genuinely_missing,,,,,,,,,
KILKENNY,KNOCKTOPHER,KILBEACON,MULLINAVAT,IRE_GRIFF_139_039.jpg,14,genuinely_missing,,,,,,,,,
KILKENNY,KNOCKTOPHER,KILBEACON,SMITHSTOWN,IRE_GRIFF_139_043.jpg,8,genuinely_missing,,,,,,,,,
KILKENNY,KNOCKTOPHER,KILLAHY,"BALLINVA, STH.",IRE_GRIFF_139_048.jpg,1,split_segment,prev,"BALLINVA, NTH.",0.917,1,,,,,
KILKENNY,KNOCKTOPHER,KNOCKTOPHER,CARRICKSHOCK COMMONS.,IRE_GRIFF_139_054.jpg,5,genuinely_missing,,,,,,,,,
KILKENNY,KNOCKTOPHER,KNOCKTOPHER,BALLYKNOCKMORE,IRE_GRIFF_139_062.jpg,4,unflagged_total,,,,,0,False,Thomas Farrell,16 10 0,18 18 0
KILKENNY,IDA,KILMAKEVOGE,ROBINSTOWN,IRE_GRIFF_142_068.jpg,16,genuinely_missing,,,,,,,,,
KILKENNY,IDA,"ROWER, THE",RATHSNAGADAN,IRE_GRIFF_142_110.jpg,2,tiny_segment,,,,,,,,,
KILKENNY,KELLS,KILLAMERY,"COOLEHILL, UP.",IRE_GRIFF_143_032.jpg,3,unflagged_total,,,,,0,False,"Edmund M'Namara,",10 0 0,10 5 0
KILKENNY,KELLS,KILLAMERY,ROSSANENY (Morris),IRE_GRIFF_143_037.jpg,9,unflagged_total,,,,,4,False,James Whelan,36 15 0,21 14 0
KILKENNY,KELLS,KILMAGANNY,COTTRELLSTOWN,IRE_GRIFF_143_041.jpg,6,genuinely_missing,,,,,,,,,
KILKENNY,KELLS,TULLAHOUGHT,CUSSAN,IRE_GRIFF_143_057.jpg,5,unflagged_total,,,,,4,True,"John Cormack, Esq.",82 10 0,90 7 0
KILKENNY,SHILLELOGHER,BURNCHURCH,BALLYMACK (DESART),IRE_GRIFF_144_007.jpg,8,unflagged_total,,,,,2,False,"Benjamin Barton, Esq.",138 0 0,112 10 0
KILKENNY,SHILLELOGHER,BURNCHURCH,OLDTOWN,IRE_GRIFF_144_010.jpg,5,unflagged_total,,,,,0,False,William Dowe,85 0 0,102 10 0
KILKENNY,SHILLELOGHER,DANESFORT (PART OF),ANNAMULT,IRE_GRIFF_144_013.jpg,2,tiny_segment,,,,,,,,,
KILKENNY,SHILLELOGHER,CASTLEINCH (OR INCHYOLAGHAN),ANNAMULT,IRE_GRIFF_144_014.jpg,67,genuinely_missing,,,,,,,,,
KILKENNY,SHILLELOGHER,DANESFORT (PART OF),BENNETTSBRIDGE,IRE_GRIFF_144_015.jpg,12,genuinely_missing,,,,,,,,,
KILKENNY,SHILLELOGHER,EARLSTOWN,NEWTOWN (SHEA),IRE_GRIFF_144_019.jpg,23,unflagged_total,,,,,9,False,Richard Mahony,166 0 0,242 11 0
KILKENNY,SHILLELOGHER,GRANGE (PART OF),KILMOG OR RACECOURSE,IRE_GRIFF_144_023.jpg,8,genuinely_missing,,,,,,,,,
KILKENNY,SHILLELOGHER,KILLALOE,ROSSMORE,IRE_GRIFF_144_030.jpg,11,unflagged_total,,,,,1,False,Vacant,130 0 0,122 15 0
KILKENNY,SHILLELOGHER,KILLALOE (PART OF),BODALMORE,IRE_GRIFF_144_031.jpg,3,unflagged_total,,,,,1,False,James Houlahan,26 10 0,41 0 0
KILKENNY,SHILLELOGHER,STONECARTHY,"STONECARTHY, WEST",IRE_GRIFF_144_035.jpg,10,split_segment,prev,"STONECARTHY, EAST",0.938,2,,,,,
KILKENNY,SHILLELOGHER,TULLAGHANBROGUE,COOLAPOGE,IRE_GRIFF_144_045.jpg,3,genuinely_missing,,,,,,,,,
KILKENNY,SHILLELOGHER,BURNCHURCH,FARMLEY.,IRE_GRIFF_145_015.jpg,1,tiny_segment,,,,,,,,,
KILKENNY,SHILLELOGHER,BURNCHURCH,OLDTOWN,IRE_GRIFF_145_016.jpg,12,unflagged_total,,,,,0,False,"William Dowe, .",85 0 0,168 12 0
KILKENNY,SHILLELOGHER,EARLSTOWN,KILBRICKAN,IRE_GRIFF_145_017.jpg,6,unflagged_total,,,,,3,False,Michael Madigan,73 0 0,103 10 0
KILKENNY,SHILLELOGHER,EARLSTOWN,NEWTOWN (SHEA),IRE_GRIFF_145_019.jpg,10,unflagged_total,,,,,9,True,Richard Mahony,166 0 0,194 2 0
KILKENNY,SHILLELOGHER,TULLAMAINE,TULLAMAINE (ASHBROOK),IRE_GRIFF_145_020.jpg,10,genuinely_missing,,,,,,,,,
KILKENNY,SHILLELOGHER,KILLALOE,RIESK,IRE_GRIFF_145_028.jpg,1,tiny_segment,,,,,,,,,
KILKENNY,SHILLELOGHER,BALLYBUR,BROWNSTOWN,IRE_GRIFF_145_035.jpg,14,genuinely_missing,,,,,,,,,
KILKENNY,SHILLELOGHER,ST CANICE,"ARCHER-STREET, LOT.",IRE_GRIFF_145_040.jpg,7,unflagged_total,,,,,1,False,"William P. Leech, Esq.",43 0 0,54 0 0
KILKENNY,SHILLELOGHER,ST PATRICK,ARCHERSGROVE,IRE_GRIFF_145_042.jpg,3,unflagged_total,,,,,1,False,"Richard Sullivan, Esq.",150 0 0,150 10 0
KILKENNY,SHILLELOGHER,ST PATRICK,CLONMORAN,IRE_GRIFF_145_043.jpg,3,genuinely_missing,,,,,,,,,
KILKENNY,SHILLELOGHER,ST PATRICK,GALLOWSHILL,IRE_GRIFF_145_045.jpg,21,unflagged_total,,,,,0,False,Henry Madigan,38 15 0,62 5 0
KILKENNY,SHILLELOGHER,ST PATRICK,"SMITHSLAND, SOUTH",IRE_GRIFF_145_048.jpg,14,split_segment,prev,"SMITHSLAND, NORTH",0.875,1,,,,,
KILKENNY,SHILLELOGHER,ST PATRICK,WARRINGTON,IRE_GRIFF_145_049.jpg,10,unflagged_total,,,,,0,False,"Patrick Mackey, .",86 0 0,52 5 0
KILKENNY,SHILLELOGHER,KILFERAGH,SHEASTOWN,IRE_GRIFF_145_052.jpg,46,genuinely_missing,,,,,,,,,
KILKENNY,SHILLELOGHER,OUTRATH,"GREVINE, WEST",IRE_GRIFF_145_054.jpg,14,split_segment,prev,"GREVINE, EAST",0.917,1,,,,,
KILKENNY,SHILLELOGHER,ST CANICE,BALLYNALINA,IRE_GRIFF_145_055.jpg,8,genuinely_missing,,,,,,,,,
KILKENNY,SHILLELOGHER,DANESFORT,DUNDARYARK,IRE_GRIFF_145_060.jpg,18,unflagged_total,,,,,0,False,Thomas Sexton,78 10 0,77 0 0
KILKENNY,SHILLELOGHER,DANESFORT,RATHCLOGH,IRE_GRIFF_145_061.jpg,8,unflagged_total,,,,,2,False,Thomas Murphy,118 10 0,125 5 0
KILKENNY,SHILLELOGHER,ENNISNAG,ENNISNAG,IRE_GRIFF_145_064.jpg,47,genuinely_missing,,,,,,,,,
KILKENNY,SHILLELOGHER,STONECARTHY,KNOCKADRINA,IRE_GRIFF_145_066.jpg,8,genuinely_missing,,,,,,,,,
KILKENNY,SHILLELOGHER,STONECARTHY,"STONECARTHY, WEST",IRE_GRIFF_145_067.jpg,3,split_segment,prev,"STONECARTHY, EAST",0.938,2,,,,,
KILKENNY,IVERK,AGLISH,PORTNAHULLY,IRE_GRIFF_147_005.jpg,9,unflagged_total,,,,,6,False,Thomas Walsh,79 0 0,97 13 0
KILKENNY,IVERK,FIDDOWN,BANAGHER,"IRE_GRIFF_147_015.jpg,IRE_GRIFF_147_016.jpg",18,unflagged_total,,,,,0,False,Earl of Bessborough,84 0 0,162 1 0
KILKENNY,IVERK,FIDDOWN,TOWN OF PILLTOWN,IRE_GRIFF_147_016.jpg,56,genuinely_missing,,,,,,,,,
KILKENNY,IVERK,FIDDOWN,BELLINE & ROGERSTOWN,IRE_GRIFF_147_017.jpg,22,genuinely_missing,,,,,,,,,
KILKENNY,IVERK,FIDDOWN,KILMANAHIN,IRE_GRIFF_147_024.jpg,8,genuinely_missing,,,,,,,,,
KILKENNY,IVERK,KILMACOW,BALLYNEARLA,IRE_GRIFF_147_030.jpg,24,genuinely_missing,,,,,,,,,
KILKENNY,IVERK,POLLRONE,BALLYTARSNEY,IRE_GRIFF_147_043.jpg,5,genuinely_missing,,,,,,,,,
KILKENNY,IVERK,POLLRONE,POLLRONE,IRE_GRIFF_147_049.jpg,24,unflagged_total,,,,,14,False,Margaret Carroll,104 0 0,134 0 0
KILKENNY,IVERK,PORTNASCULLY,PORTNASCULLY,IRE_GRIFF_147_055.jpg,2,tiny_segment,,,,,,,,,
KILKENNY,IVERK,RATHKIERAN,CLONASSY,IRE_GRIFF_147_057.jpg,31,genuinely_missing,,,,,,,,,
KILKENNY,IVERK,TUBBRID,BARRABEHY,IRE_GRIFF_147_062.jpg,3,unflagged_total,,,,,1,False,Thomas Reddy,17 10 0,26 15 0
KING'S,BALLYBRITT,KINNITTY,CASTLETOWNAND GLINSK,IRE_GRIFF_150_063.jpg,14,genuinely_missing,,,,,,,,,
KING'S,BALLYBRITT,LETTERLUNA,CADAMSTOWN,IRE_GRIFF_150_069.jpg,6,unflagged_total,,,,,0,False,"James Donnelly, Denis Donnelly, Rody Donnelly",72 2 0,75 3 0
KING'S,BALLYBRITT,BIRR,TOWNPARKS,"IRE_GRIFF_150_096.jpg,IRE_GRIFF_150_097.jpg,IRE_GRIFF_150_098.jpg,IRE_GRIFF_150_099.jpg,IRE_GRIFF_150_100.jpg,IRE_GRIFF_150_101.jpg,IRE_GRIFF_150_102.jpg,IRE_GRIFF_150_103.jpg,IRE_GRIFF_150_104.jpg,IRE_GRIFF_150_105.jpg,IRE_GRIFF_150_106.jpg,IRE_GRIFF_150_107.jpg,IRE_GRIFF_150_108.jpg,IRE_GRIFF_150_109.jpg,IRE_GRIFF_150_110.jpg,IRE_GRIFF_150_111.jpg,IRE_GRIFF_150_112.jpg,IRE_GRIFF_150_113.jpg,IRE_GRIFF_150_114.jpg,IRE_GRIFF_150_115.jpg",1168,split_segment,next,TOWNPARKS,1.0,3,,,,,
KING'S,GARRYCASTLE,GALLEN,DERRYCARNEY,IRE_GRIFF_150_127.jpg,4,genuinely_missing,,,,,,,,,
KING'S,GARRYCASTLE,GALLEN,KILLOWNEYMORE,IRE_GRIFF_150_131.jpg,10,unflagged_total,,,,,2,False,"Edward Cusack, .",52 5 0,55 10 0
KING'S,GARRYCASTLE,GALLEN,MINUS ISLAND,IRE_GRIFF_150_133.jpg,5,unflagged_total,,,,,0,False,Shannon Commsrs.,2 15 0,3 18 0
KING'S,GARRYCASTLE,CLONMACNOISE,CREEVAGH,IRE_GRIFF_150_153.jpg,4,unflagged_total,,,,,0,False,Michael Curly,18 0 0,19 5 0
KING'S,GARRYCASTLE,LUSMAGH,BUNREVAN,IRE_GRIFF_150_161.jpg,5,genuinely_missing,,,,,,,,,
KING'S,GARRYCASTLE,LUSMAGH,GORTSKEHA,IRE_GRIFF_150_167.jpg,13,genuinely_missing,,,,,,,,,
KING'S,GARRYCASTLE,REYNAGH,DERNAFANNY,IRE_GRIFF_150_181.jpg,9,genuinely_missing,,,,,,,,,
KING'S,GARRYCASTLE,REYNAGH,ISLANDS IN THE RIVER SHANNON,IRE_GRIFF_150_184.jpg,7,unflagged_total,,,,,4,False,"John H. Burdett,",19 0 0,34 5 0
KING'S,GARRYCASTLE,LEMANAGHAN,"PARKAREE, OR BOHERFADDA",IRE_GRIFF_150_207.jpg,31,genuinely_missing,,,,,,,,,
KING'S,GARRYCASTLE,TISARAN,BELMOUNT OR LISDERG,IRE_GRIFF_150_211.jpg,2,tiny_segment,,,,,,,,,
KING'S,GARRYCASTLE,TISARAN,CLOGHALMORE,IRE_GRIFF_150_212.jpg,7,genuinely_missing,,,,,,,,,
KING'S,GARRYCASTLE,WHEERY,BALLYCLARE,IRE_GRIFF_150_219.jpg,29,genuinely_missing,,,,,,,,,
KING'S,GARRYCASTLE,WHEERY,KEELOGE,IRE_GRIFF_150_228.jpg,7,genuinely_missing,,,,,,,,,
LIMERICK,KENRY,ADARE,CLORHANE,IRE_GRIFF_166_007.jpg,1,tiny_segment,,,,,,,,,
LIMERICK,KENRY,ADARE,TUOGH,IRE_GRIFF_166_007.jpg,1,tiny_segment,,,,,,,,,
LIMERICK,KENRY,ARDCANNY,BALLYNACARRIGA,IRE_GRIFF_166_007.jpg,1,tiny_segment,,,,,,,,,
LIMERICK,KENRY,CHAPELRUSSELL,PALLAS,IRE_GRIFF_166_007.jpg,3,unflagged_total,,,,,2,True,"Constabulary Force,",13 0 0,6 10 0
LIMERICK,KENRY,IVERUSS,BEAGH,IRE_GRIFF_166_008.jpg,1,tiny_segment,,,,,,,,,
LIMERICK,KENRY,IVERUSS,MILLTOWN,IRE_GRIFF_166_008.jpg,1,tiny_segment,,,,,,,,,
LIMERICK,KENRY,KILCORNAN,RINGMOYLAN,IRE_GRIFF_166_008.jpg,1,tiny_segment,,,,,,,,,
LIMERICK,KENRY,KILCORNAN,STONEHALL,IRE_GRIFF_166_008.jpg,1,tiny_segment,,,,,,,,,
LIMERICK,KENRY,KILDIMO,BOLANE,IRE_GRIFF_166_008.jpg,1,tiny_segment,,,,,,,,,
LIMERICK,KENRY,KILDIMO,COURT,IRE_GRIFF_166_008.jpg,1,tiny_segment,,,,,,,,,
LIMERICK,KENRY,CHAPELRUSSELL,SHANPALLAS,IRE_GRIFF_166_024.jpg,10,unflagged_total,,,,,1,False,John Fitzgerald,43 5 0,68 5 0
LIMERICK,KENRY,KILCORNAN,DROMLOHAN,IRE_GRIFF_166_041.jpg,33,genuinely_missing,,,,,,,,,
LIMERICK,KENRY,KILDIMO,BALLYVAREEN,IRE_GRIFF_166_054.jpg,15,genuinely_missing,,,,,,,,,
LIMERICK,KENRY,KILDIMO,TOBERMURRY,IRE_GRIFF_166_062.jpg,8,unflagged_total,,,,,6,False,Rev. Thos. Shannhan,9 0 0,9 3 0
LIMERICK,PUBBLEBRIEN,MONASTERANENAGH,"MONASTER, NORTH",IRE_GRIFF_168_008.jpg,1,tiny_segment,,,,,,,,,
LIMERICK,PUBBLEBRIEN,MUNGRET,GOULDAVOHER,IRE_GRIFF_168_008.jpg,1,tiny_segment,,,,,,,,,
LIMERICK,PUBBLEBRIEN,ST MICHAEL,BALLINACURRA (Bowman),IRE_GRIFF_168_008.jpg,1,tiny_segment,,,,,,,,,
LIMERICK,PUBBLEBRIEN,CRECORA,JOCKEYHALL,IRE_GRIFF_168_016.jpg,1,tiny_segment,,,,,,,,,
LIMERICK,PUBBLEBRIEN,CROOM,TORYHILL,IRE_GRIFF_168_025.jpg,58,genuinely_missing,,,,,,,,,
LIMERICK,PUBBLEBRIEN,MUNGRET,GOULDAVOHER,IRE_GRIFF_168_073.jpg,5,unflagged_total,,,,,0,False,Anne Daly,14 15 0,28 10 0
LIMERICK,PUBBLEBRIEN,ST MICHAEL,ROSSBRIEN,IRE_GRIFF_168_082.jpg,5,unflagged_total,,,,,3,False,"Margaret Sayers,",32 15 0,23 15 0
LONGFORD,RATHCLINE,CASHEL,FORTHILL,IRE_GRIFF_182_023.jpg,6,unflagged_total,,,,,0,False,Hon. L. H. K. Harman,4 5 0,3 1 0
LONGFORD,RATHCLINE,CASHEL,ISLANDS,IRE_GRIFF_182_026.jpg,12,unflagged_total,,,,,7,False,"Michael Hanly,",4 10 0,4 14 0
LONGFORD,RATHCLINE,SHRULE,DAROGE,IRE_GRIFF_182_043.jpg,6,genuinely_missing,,,,,,,,,
LONGFORD,RATHCLINE,SHRULE,LARAGH.,IRE_GRIFF_182_046.jpg,2,tiny_segment,,,,,,,,,
LONGFORD,RATHCLINE,RATHCLINE,TURREEN,IRE_GRIFF_184_050.jpg,12,genuinely_missing,,,,,,,,,
KILKENNY,KNOCKTOPHER,AGHAVILLER,AGHAVILLER,IRE_GRIFF_196_005.jpg,13,genuinely_missing,,,,,,,,,
KILKENNY,KNOCKTOPHER,AGHAVILLER,BALLINVA,"IRE_GRIFF_196_005.jpg,IRE_GRIFF_196_006.jpg",11,genuinely_missing,,,,,,,,,
KILKENNY,KNOCKTOPHER,AGHAVILLER,BARNADOWN,"IRE_GRIFF_196_006.jpg,IRE_GRIFF_196_007.jpg",36,genuinely_missing,,,,,,,,,
KILKENNY,KNOCKTOPHER,AGHAVILLER,BARTONSFARM,IRE_GRIFF_196_007.jpg,9,unflagged_total,,,,,0,False,"Jno. De Montmorency, Esq.",24 10 0,35 10 0
KILKENNY,KNOCKTOPHER,AGHAVILLER,BOOLYGLASS,IRE_GRIFF_196_007.jpg,9,genuinely_missing,,,,,,,,,
KILKENNY,KNOCKTOPHER,AGHAVILLER,CARRICKMERLIN,IRE_GRIFF_196_007.jpg,4,unflagged_total,,,,,1,False,John Grennan,21 5 0,30 0 0
KILKENNY,KNOCKTOPHER,AGHAVILLER,CASTLEMORRIS,"IRE_GRIFF_196_007.jpg,IRE_GRIFF_196_008.jpg",2,tiny_segment,,,,,,,,,
KILKENNY,KNOCKTOPHER,AGHAVILLER,CATSTOWN,IRE_GRIFF_196_008.jpg,15,genuinely_missing,,,,,,,,,
KILKENNY,KNOCKTOPHER,AGHAVILLER,COALPITPARKS,IRE_GRIFF_196_008.jpg,5,genuinely_missing,,,,,,,,,
KILKENNY,KNOCKTOPHER,AGHAVILLER,CONDONSTOWN,IRE_GRIFF_196_008.jpg,12,genuinely_missing,,,,,,,,,
KILKENNY,KNOCKTOPHER,AGHAVILLER,CROAN,"IRE_GRIFF_196_008.jpg,IRE_GRIFF_196_009.jpg",22,genuinely_missing,,,,,,,,,
KILKENNY,KNOCKTOPHER,AGHAVILLER,HUGGINSTOWN,"IRE_GRIFF_196_009.jpg,IRE_GRIFF_196_010.jpg,IRE_GRIFF_196_011.jpg",66,genuinely_missing,,,,,,,,,
KILKENNY,KNOCKTOPHER,AGHAVILLER,"KINGSMOUNTAIN, OR MYLERSTOWN",IRE_GRIFF_196_011.jpg,16,genuinely_missing,,,,,,,,,
KILKENNY,KNOCKTOPHER,AGHAVILLER,KYLEVA,IRE_GRIFF_196_012.jpg,14,unflagged_total,,,,,7,False,Patrick Walsh,39 5 0,59 2 0
KILKENNY,KNOCKTOPHER,AGHAVILLER,TOWN OF HUGGINSTOWN,IRE_GRIFF_196_012.jpg,5,unflagged_total,,,,,0,False,Patrick Kearns,1 10 0,2 13 0
KILKENNY,KNOCKTOPHER,AGHAVILLER,MABBOTSTOWN,IRE_GRIFF_196_012.jpg,3,unflagged_total,,,,,2,True,Thomas Tenison,36 0 0,23 5 0
KILKENNY,KNOCKTOPHER,AGHAVILLER,NEW MARKET,"IRE_GRIFF_196_012.jpg,IRE_GRIFF_196_013.jpg",23,genuinely_missing,,,,,,,,,
KILKENNY,KNOCKTOPHER,AGHAVILLER,WESTMORELAND,IRE_GRIFF_196_013.jpg,2,tiny_segment,,,,,,,,,
KILKENNY,KNOCKTOPHER,DERRYNAHINCH,BALLYDOWAN,IRE_GRIFF_196_013.jpg,2,tiny_segment,,,,,,,,,
KILKENNY,KNOCKTOPHER,DERRYNAHINCH,BALLYHALE,IRE_GRIFF_196_013.jpg,6,genuinely_missing,,,,,,,,,
KILKENNY,KNOCKTOPHER,DERRYNAHINCH,BALLYTARSNA,IRE_GRIFF_196_013.jpg,5,unflagged_total,,,,,0,False,Richard Aylward,52 10 0,48 5 0
KILKENNY,KNOCKTOPHER,DERRYNAHINCH,CASTLEBANNY,IRE_GRIFF_196_013.jpg,9,genuinely_missing,,,,,,,,,
KILKENNY,KNOCKTOPHER,JERPOINTCHURCH,CAPPAGH,IRE_GRIFF_196_017.jpg,6,unflagged_total,,,,,5,True,Walter Walsh,36 5 0,39 12 0
KILKENNY,KNOCKTOPHER,JERPOINTCHURCH,COOLROEBIG,IRE_GRIFF_196_017.jpg,11,genuinely_missing,,,,,,,,,
KILKENNY,KNOCKTOPHER,JERPOINTCHURCH,COTTERELLSBOOLY,IRE_GRIFF_196_017.jpg,1,tiny_segment,,,,,,,,,
KILKENNY,KNOCKTOPHER,JERPOINTCHURCH,"FLOODHALL, OR RATHTOOTERNY",IRE_GRIFF_196_017.jpg,2,tiny_segment,,,,,,,,,
KILKENNY,KNOCKTOPHER,JERPOINTCHURCH,GLENMORE,IRE_GRIFF_196_017.jpg,6,genuinely_missing,,,,,,,,,
KILKENNY,KNOCKTOPHER,JERPOINTCHURCH,JERPOINTCHURCH,IRE_GRIFF_196_017.jpg,5,unflagged_total,,,,,3,False,"John Hutchinson, Esq.",180 0 0,143 5 0
KILKENNY,KNOCKTOPHER,JERPOINTCHURCH,JERPOINTHILL,IRE_GRIFF_196_017.jpg,12,genuinely_missing,,,,,,,,,
KILKENNY,KNOCKTOPHER,JERPOINTCHURCH,KILVINOGE,IRE_GRIFF_196_017.jpg,6,unflagged_total,,,,,5,True,John Walsh,68 15 0,132 10 0
KILKENNY,KNOCKTOPHER,JERPOINTCHURCH,OLDTOWN,IRE_GRIFF_196_017.jpg,1,tiny_segment,,,,,,,,,
KILKENNY,KNOCKTOPHER,KILBEACON,"BALLYNOONY, EAST",IRE_GRIFF_196_019.jpg,10,unflagged_total,,,,,0,False,"Patrick Power,",55 10 0,76 6 0
KILKENNY,KNOCKTOPHER,KILBEACON,"BALLYNOONY, WEST",IRE_GRIFF_196_019.jpg,3,genuinely_missing,,,,,,,,,
KILKENNY,KNOCKTOPHER,KILBEACON,BALLYVATHEEN,IRE_GRIFF_196_019.jpg,2,tiny_segment,,,,,,,,,
KILKENNY,KNOCKTOPHER,KILBEACON,"COOLANIMOD, NORTH",IRE_GRIFF_196_019.jpg,2,tiny_segment,,,,,,,,,
KILKENNY,KNOCKTOPHER,KILBEACON,EARLSRATH,IRE_GRIFF_196_019.jpg,1,tiny_segment,,,,,,,,,
KILKENNY,KNOCKTOPHER,KILBEACON,GARRANDARRAGH,"IRE_GRIFF_196_019.jpg,IRE_GRIFF_196_020.jpg",19,genuinely_missing,,,,,,,,,
KILKENNY,KNOCKTOPHER,KILBEACON,MULLINAVAT,IRE_GRIFF_196_020.jpg,3,unflagged_total,,,,,1,False,Lawrence Forrestal,23 10 0,22 10 0
KILKENNY,KNOCKTOPHER,KILKEASY,BALLYBRAY,IRE_GRIFF_196_020.jpg,1,tiny_segment,,,,,,,,,
KILKENNY,KNOCKTOPHER,KILKEASY,KILKEASY,"IRE_GRIFF_196_020.jpg,IRE_GRIFF_196_021.jpg",44,genuinely_missing,,,,,,,,,
KILKENNY,KNOCKTOPHER,KILKEASY,KNOCKMOYLAN,"IRE_GRIFF_196_021.jpg,IRE_GRIFF_196_022.jpg",16,unflagged_total,,,,,2,False,Richard Aylward,185 5 0,339 15 0
KILKENNY,KNOCKTOPHER,KILLAHY,"BALLINVA, SOUTH",IRE_GRIFF_196_022.jpg,2,tiny_segment,,,,,,,,,
KILKENNY,KNOCKTOPHER,KILLAHY,BALLYKNOCKBEG,IRE_GRIFF_196_022.jpg,3,unflagged_total,,,,,1,False,"Thomas Ryan,",24 10 0,24 18 0
KILKENNY,KNOCKTOPHER,KILLAHY,INCHACARRAN,IRE_GRIFF_196_022.jpg,3,unflagged_total,,,,,2,True,"J. Henneberry, jun.",26 5 0,41 5 0
KILKENNY,KNOCKTOPHER,KILLAHY,KILLAHY,IRE_GRIFF_196_022.jpg,7,genuinely_missing,,,,,,,,,
KILKENNY,KNOCKTOPHER,KILLAHY,KILLEEN,IRE_GRIFF_196_022.jpg,1,tiny_segment,,,,,,,,,
KILKENNY,KNOCKTOPHER,KILLAHY,"REDACRES, NORTH",IRE_GRIFF_196_022.jpg,4,genuinely_missing,,,,,,,,,
KILKENNY,KNOCKTOPHER,KILLAHY,"REDACRES, SOUTH",IRE_GRIFF_196_022.jpg,1,tiny_segment,,,,,,,,,
KILKENNY,KNOCKTOPHER,KILKEASY,RICESLAND,IRE_GRIFF_196_025.jpg,2,tiny_segment,,,,,,,,,
KILKENNY,KNOCKTOPHER,KILKEASY,SHEEPSTOWN,IRE_GRIFF_196_025.jpg,28,unflagged_total,,,,,3,False,Rev. Eugene Cullen,182 0 0,288 14 0
KILKENNY,KNOCKTOPHER,KILKEASY,"WHITESCASTLE, LOWER",IRE_GRIFF_196_025.jpg,9,genuinely_missing,,,,,,,,,
KILKENNY,KNOCKTOPHER,KILKEASY,"WHITESCASTLE, UPPER",IRE_GRIFF_196_025.jpg,2,tiny_segment,,,,,,,,,
KILKENNY,KNOCKTOPHER,KILKEASY,KNOCKMOYLAN,IRE_GRIFF_196_025.jpg,3,genuinely_missing,,,,,,,,,
KILKENNY,KNOCKTOPHER,ROSSINAN,GLENDONNELL,IRE_GRIFF_196_028.jpg,7,unflagged_total,,,,,1,False,James Ryan,62 5 0,81 10 0
KILKENNY,KNOCKTOPHER,ROSSINAN,SCART,IRE_GRIFF_196_028.jpg,3,unflagged_total,,,,,2,True,Edmund Connolly,28 15 0,34 15 0
KILKENNY,KNOCKTOPHER,STONECARTHY,COTTERELLSBOOLY,IRE_GRIFF_196_028.jpg,3,genuinely_missing,,,,,,,,,
KILKENNY,IVERK,FIDDOWN,BALLYGOWN,IRE_GRIFF_197_008.jpg,15,genuinely_missing,,,,,,,,,
KILKENNY,IVERK,FIDDOWN,BELLINE & ROGERSTOWN,IRE_GRIFF_197_008.jpg,15,unflagged_total,,,,,4,False,John Blocket,157 0 0,132 1 0
KILKENNY,IVERK,FIDDOWN,BRENAR,IRE_GRIFF_197_008.jpg,7,unflagged_total,,,,,5,False,The Misses Julia and Jane Burke,79 0 0,81 10 0
KILKENNY,IVERK,FIDDOWN,CORBALLY,IRE_GRIFF_197_008.jpg,3,unflagged_total,,,,,1,False,Thomas Shirley,23 10 0,17 10 0
KILKENNY,IVERK,FIDDOWN,RAHEEN,IRE_GRIFF_197_010.jpg,3,unflagged_total,,,,,1,False,"John Daniel, jun.",26 15 0,28 10 0
KILKENNY,IVERK,FIDDOWN,SANDPITS,IRE_GRIFF_197_010.jpg,3,genuinely_missing,,,,,,,,,
KILKENNY,IVERK,FIDDOWN,TEMPLEORUM,IRE_GRIFF_197_010.jpg,11,unflagged_total,,,,,9,False,Daniel Whelan,25 10 0,36 10 0
KILKENNY,IVERK,FIDDOWN,TINNAKILLY,IRE_GRIFF_197_010.jpg,4,unflagged_total,,,,,3,True,John Quinan,103 0 0,94 0 0
KILKENNY,IVERK,FIDDOWN,TOBERNABRONE,IRE_GRIFF_197_010.jpg,5,unflagged_total,,,,,2,False,William Power,24 10 0,18 7 0
KILKENNY,IVERK,KILMACOW,BALLYGRIFFIN,IRE_GRIFF_197_010.jpg,1,tiny_segment,,,,,,,,,
KILKENNY,IVERK,KILMACOW,BALLYNEARLA,IRE_GRIFF_197_010.jpg,1,tiny_segment,,,,,,,,,
KILKENNY,IVERK,POLLRONE,BALLYTARSNEY,IRE_GRIFF_197_014.jpg,11,genuinely_missing,,,,,,,,,
KILKENNY,IVERK,POLLRONE,CLOGGA,IRE_GRIFF_197_014.jpg,2,tiny_segment,,,,,,,,,
KILKENNY,IVERK,POLLRONE,MOONCOIN,"IRE_GRIFF_197_014.jpg,IRE_GRIFF_197_015.jpg,IRE_GRIFF_197_016.jpg",151,genuinely_missing,,,,,,,,,
KILKENNY,IVERK,POLLRONE,POLLRONE,IRE_GRIFF_197_016.jpg,2,tiny_segment,,,,,,,,,
KILKENNY,IVERK,POLLRONE,PORTNASCULLY,IRE_GRIFF_197_017.jpg,7,unflagged_total,,,,,6,True,"John Walsh,",74 5 0,106 17 0
KILKENNY,IVERK,PORTNASCULLY,CORLUDDY,IRE_GRIFF_197_017.jpg,10,genuinely_missing,,,,,,,,,
KILKENNY,IVERK,PORTNASCULLY,LUFFANY,IRE_GRIFF_197_017.jpg,15,genuinely_missing,,,,,,,,,
KILKENNY,IVERK,PORTNASCULLY,PORTNASCULLY,IRE_GRIFF_197_017.jpg,7,unflagged_total,,,,,2,False,"Denis Fielding, Edmund Fielding,",164 5 0,210 10 0
KILKENNY,IVERK,RATHKIERAN,BALLYTARSNEY,IRE_GRIFF_197_018.jpg,14,genuinely_missing,,,,,,,,,
KILKENNY,IVERK,RATHKIERAN,LISTROLIN,IRE_GRIFF_197_018.jpg,1,tiny_segment,,,,,,,,,
KILKENNY,IVERK,RATHKIERAN,WADDINGSTOWN,IRE_GRIFF_197_018.jpg,7,unflagged_total,,,,,4,False,Richard Asper,145 10 0,152 14 0
KILKENNY,IVERK,TIBBERAGHNY,TIBBERAGHNY,"IRE_GRIFF_197_018.jpg,IRE_GRIFF_197_019.jpg",43,genuinely_missing,,,,,,,,,
KILKENNY,IVERK,ULLID,BALLYNABOLEY,IRE_GRIFF_197_019.jpg,3,unflagged_total,,,,,0,False,William Carroll,19 0 0,10 15 0
KILKENNY,IVERK,ULLID,MOLUM,IRE_GRIFF_197_019.jpg,17,genuinely_missing,,,,,,,,,
KILKENNY,IVERK,ULLID,TIERMORE,IRE_GRIFF_197_019.jpg,3,unflagged_total,,,,,0,False,"Edmund Moore, sen.",35 10 0,35 5 0
LOUTH,ARDEE,ARDEE,DAWSONSDEMESNE,IRE_GRIFF_203_016.jpg,49,unflagged_total,,,,,0,False,"James Bellew,",30 0 0,42 9 0
MEATH,"SLANE, UPPER",GRANGEGEETH,GRANGEGEETH,IRE_GRIFF_203_168.jpg,29,genuinely_missing,,,,,,,,,
MEATH,"SLANE, UPPER",MONKNEWTOWN,MONKNEWTOWN,IRE_GRIFF_204_112.jpg,14,genuinely_missing,,,,,,,,,
MAYO,TIRAWLEY,BALLYNAHAGLISH,ISLAND IN LOUGH CULLIN,IRE_GRIFF_207_030.jpg,1,tiny_segment,,,,,,,,,
MAYO,TIRAWLEY,BALLYNAHAGLISH,SRAHEEN,IRE_GRIFF_207_030.jpg,2,tiny_segment,,,,,,,,,
MAYO,TIRAWLEY,BALLYSAKEERY,BALLYMACKEEHOLA,IRE_GRIFF_207_043.jpg,13,genuinely_missing,,,,,,,,,
MAYO,TIRAWLEY,CROSSMOLINA,CROSSMOLINA,IRE_GRIFF_207_053.jpg,48,genuinely_missing,,,,,,,,,
MAYO,TIRAWLEY,CROSSMOLINA,KNOCKALEGAN,IRE_GRIFF_207_063.jpg,33,genuinely_missing,,,,,,,,,
MAYO,TIRAWLEY,KILBELFAD,WHERREW,IRE_GRIFF_207_081.jpg,3,unflagged_total,,,,,2,True,Edward Hope,10 12 0,17 17 0
MAYO,TIRAWLEY,KILBELFAD,NEWTOWN,IRE_GRIFF_207_085.jpg,4,unflagged_total,,,,,0,False,John Geraghty,8 15 0,14 7 0
MAYO,TIRAWLEY,KILBELFAD,ISLANDS IN LOUGH CONN,IRE_GRIFF_207_089.jpg,1,tiny_segment,,,,,,,,,
MAYO,TIRAWLEY,KILBELFAD,ISLANDS IN LOUGH CONN,IRE_GRIFF_207_091.jpg,1,tiny_segment,,,,,,,,,
MAYO,TIRAWLEY,KILBELFAD,ILLANDOORISH,IRE_GRIFF_207_091.jpg,1,tiny_segment,,,,,,,,,
MAYO,TIRAWLEY,KILBELFAD,BURNT ISLAND,IRE_GRIFF_207_091.jpg,1,tiny_segment,,,,,,,,,
MAYO,TIRAWLEY,KILBELFAD,CLIFF ISLAND,IRE_GRIFF_207_091.jpg,1,tiny_segment,,,,,,,,,
MAYO,TIRAWLEY,KILBELFAD,SANDY ISLAND,IRE_GRIFF_207_091.jpg,1,tiny_segment,,,,,,,,,
MAYO,TIRAWLEY,KILBELFAD,ILLANAGHTY,IRE_GRIFF_207_091.jpg,1,tiny_segment,,,,,,,,,
MAYO,TIRAWLEY,KILBELFAD,ROCKY ISLAND,IRE_GRIFF_207_091.jpg,1,tiny_segment,,,,,,,,,
MAYO,TIRAWLEY,KILBELFAD,CARNAWEELAN ISLAND,IRE_GRIFF_207_091.jpg,1,tiny_segment,,,,,,,,,
MAYO,TIRAWLEY,KILBELFAD,CUING MORE,IRE_GRIFF_207_091.jpg,8,genuinely_missing,,,,,,,,,
SLIGO,TIRERAGH,KILMOREMOY,ABBEY-STREET.,IRE_GRIFF_207_158.jpg,3,unflagged_total,,,,,1,False,"Col. F. A. Knox Gore,",24 0 0,17 0 0
SLIGO,TIRERAGH,KILMOREMOY,"ARDNAREE, OR SHANAGHY",IRE_GRIFF_207_158.jpg,20,genuinely_missing,,,,,,,,,
SLIGO,TIRERAGH,KILMOREMOY,BEHY MORE,IRE_GRIFF_207_160.jpg,5,genuinely_missing,,,,,,,,,
SLIGO,TIRERAGH,KILMOREMOY,TIDEWAY OF RIVER MOY (PART OF.),IRE_GRIFF_207_167.jpg,1,tiny_segment,,,,,,,,,
MAYO,TIRAWLEY,ADDERGOOLE,CUM,IRE_GRIFF_210_169.jpg,30,genuinely_missing,,,,,,,,,
MAYO,TIRAWLEY,ADDERGOOLE,KNOCKFARNAGHT,IRE_GRIFF_210_174.jpg,41,genuinely_missing,,,,,,,,,
MAYO,TIRAWLEY,ADDERGOOLE,GORTNAHELTIA,IRE_GRIFF_210_193.jpg,7,unflagged_total,,,,,1,False,Neil M'Manmon,12 0 0,19 16 0
MAYO,TIRAWLEY,DOONFEENY,GEEVRAWN,IRE_GRIFF_216_024.jpg,18,genuinely_missing,,,,,,,,,
MAYO,TIRAWLEY,KILCUMMIN,KILCUMMIN,IRE_GRIFF_216_037.jpg,21,genuinely_missing,,,,,,,,,
MAYO,TIRAWLEY,KILFIAN,BREAGHWYANURLAUR,IRE_GRIFF_216_045.jpg,5,genuinely_missing,,,,,,,,,
MAYO,TIRAWLEY,MOYGAWNAGH,FORREW,IRE_GRIFF_216_079.jpg,12,genuinely_missing,,,,,,,,,
MEATH,"DEECE, UPPER",MOYGLARE (PART OF),OWENSTOWN,IRE_GRIFF_218_011.jpg,2,tiny_segment,,,,,,,,,
MEATH,SKREEN,KILMOON,PRIMATESTOWN,IRE_GRIFF_219_086.jpg,47,unflagged_total,,,,,27,False,Matthew Collier,145 10 0,241 6 0
MEATH,SKREEN,MACETOWN,MACETOWN,IRE_GRIFF_219_087.jpg,12,unflagged_total,,,,,7,False,Rev. Barthw. Sheridan,115 0 0,186 3 0
MEATH,SKREEN,SKREEN,SKREEN,IRE_GRIFF_219_093.jpg,19,unflagged_total,,,,,0,False,Richard Langan,132 0 0,136 5 0
MEATH,MORGALLION,CASTLETOWN,CARRICKLECK,IRE_GRIFF_222_019.jpg,2,tiny_segment,,,,,,,,,
MEATH,MORGALLION,NOBBER,RATHGILLEN,IRE_GRIFF_222_030.jpg,7,genuinely_missing,,,,,,,,,
MEATH,SKREEN,ATHLUMNEY,ALEXANDER REID.,IRE_GRIFF_223_072.jpg,11,unflagged_total,,,,,2,False,"Mary M'Nally,",69 10 0,108 16 0
MEATH,SKREEN,DANESTOWN,DANESTOWN,IRE_GRIFF_223_078.jpg,13,genuinely_missing,,,,,,,,,
MEATH,"NAVAN, LOWER",NAVAN,"BALREASK, OLD",IRE_GRIFF_223_128.jpg,8,unflagged_total,,,,,0,False,Nicholas Russell,18 0 0,27 16 0
MEATH,"NAVAN, LOWER",NAVAN,DILLONSLAND,IRE_GRIFF_223_133.jpg,8,genuinely_missing,,,,,,,,,
MEATH,"NAVAN, LOWER",NAVAN,DUFFSLAND,IRE_GRIFF_223_133.jpg,5,genuinely_missing,,,,,,,,,
MEATH,"NAVAN, LOWER",RATAINE,RATAINE,IRE_GRIFF_223_145.jpg,9,unflagged_total,,,,,2,False,William Brennan,165 10 0,213 0 0
MEATH,"NAVAN, UPPER",CLONMACDUFF,TULLAGHANSTOWN,IRE_GRIFF_225_012.jpg,39,genuinely_missing,,,,,,,,,
MEATH,"NAVAN, UPPER",TRIM,"TOWNPARKS, NORTH.","IRE_GRIFF_225_025.jpg,IRE_GRIFF_225_026.jpg,IRE_GRIFF_225_027.jpg,IRE_GRIFF_225_028.jpg",228,genuinely_missing,,,,,,,,,
MEATH,LUNE,ATHBOY,DERLANGAN,IRE_GRIFF_225_112.jpg,8,genuinely_missing,,,,,,,,,
MEATH,LUNE,ATHBOY,TOWNPARKS,IRE_GRIFF_225_121.jpg,13,genuinely_missing,,,,,,,,,
MEATH,LUNE,ATHBOY,TOWN OF ATHBOY (part of),IRE_GRIFF_225_121.jpg,20,genuinely_missing,,,,,,,,,
MEATH,LUNE,KILLACONNIGAN,BALLIVOR,IRE_GRIFF_225_136.jpg,24,genuinely_missing,,,,,,,,,
MONAGHAN,CREMORNE,MUCKNO,"DRUMLEEK, NORTH",IRE_GRIFF_227_017.jpg,5,unflagged_total,,,,,1,False,Edward Maize,19 0 0,16 15 0
MONAGHAN,CREMORNE,MUCKNO,MOY,IRE_GRIFF_227_019.jpg,3,unflagged_total,,,,,2,True,James Martin,30 15 0,24 5 0
MONAGHAN,CREMORNE,BALLYBAY,TERRYGREEGHAN,IRE_GRIFF_227_048.jpg,17,genuinely_missing,,,,,,,,,
MONAGHAN,CREMORNE,BALLYBAY,DERRYVALLY,IRE_GRIFF_227_056.jpg,22,unflagged_total,,,,,7,False,"John Carlisle,",93 15 0,149 16 0
MONAGHAN,CREMORNE,CLONTIBRET,FORMIL,IRE_GRIFF_227_084.jpg,17,genuinely_missing,,,,,,,,,
MONAGHAN,CREMORNE,CLONTIBRET,BILLEADY,IRE_GRIFF_227_094.jpg,34,genuinely_missing,,,,,,,,,
MONAGHAN,CREMORNE,AGHNAMULLEN,REDUFF,IRE_GRIFF_227_110.jpg,20,unflagged_total,,,,,19,True,"Hugh Swanzy, .",101 0 0,129 15 0
MONAGHAN,CREMORNE,AGHNAMULLEN,BRACKLY,IRE_GRIFF_227_114.jpg,15,unflagged_total,,,,,8,False,Robert Hegan,23 0 0,37 14 0
MONAGHAN,CREMORNE,AGHNAMULLEN,"MULLANARY, CORTANNEL",IRE_GRIFF_227_125.jpg,13,genuinely_missing,,,,,,,,,
MONAGHAN,CREMORNE,AGHNAMULLEN,LACKAN,IRE_GRIFF_227_129.jpg,5,unflagged_total,,,,,3,False,James McCabe,12 5 0,19 5 0
MONAGHAN,TROUGH,ERRIGAL TROUGH,AGHAMACKALINN,IRE_GRIFF_228_152.jpg,21,genuinely_missing,,,,,,,,,
MONAGHAN,DARTREE,AGHABOG,ANNAGOSE,IRE_GRIFF_229_009.jpg,5,unflagged_total,,,,,0,False,William M'Caldin,15 0 0,24 5 0
MONAGHAN,DARTREE,CLONES,TIRNAHINCH NEAR,IRE_GRIFF_229_017.jpg,17,split_segment,prev,TIRNAHINCH FAR,0.889,1,,,,,
MONAGHAN,DARTREE,CLONES,GLEAR,IRE_GRIFF_229_024.jpg,14,unflagged_total,,,,,0,False,Martin N. Wall,63 5 0,118 5 0
MONAGHAN,DARTREE,CLONES,CROSSMOYLE,IRE_GRIFF_229_034.jpg,10,genuinely_missing,,,,,,,,,
MONAGHAN,DARTREE,CLONES,TOWN OF CLONES,IRE_GRIFF_229_034.jpg,11,genuinely_missing,,,,,,,,,
MONAGHAN,DARTREE,CLONES,LEGARHILL,"IRE_GRIFF_229_041.jpg,IRE_GRIFF_229_042.jpg",29,genuinely_missing,,,,,,,,,
MONAGHAN,CREMORNE,AGHNAMULLEN,BOWELK,IRE_GRIFF_230_010.jpg,4,unflagged_total,,,,,0,False,"Thomas Magill,",12 0 0,20 0 0
MONAGHAN,CREMORNE,AGHNAMULLEN,DRUMLOOD,IRE_GRIFF_230_017.jpg,10,genuinely_missing,,,,,,,,,
MONAGHAN,CREMORNE,AGHNAMULLEN,LEAGH,IRE_GRIFF_230_021.jpg,5,unflagged_total,,,,,0,False,"Thomas Moorhead,",26 10 0,32 15 0
MONAGHAN,CREMORNE,AGHANAVULLEN,RAW,IRE_GRIFF_230_026.jpg,18,genuinely_missing,,,,,,,,,
MONAGHAN,DARTREE,AGHABOG,FEAGH,IRE_GRIFF_230_038.jpg,3,unflagged_total,,,,,2,True,Dorothea Johnston,18 10 0,14 5 0
MONAGHAN,DARTREE,EMATRIS,CARSAN,IRE_GRIFF_230_056.jpg,25,genuinely_missing,,,,,,,,,
MONAGHAN,TROUGH,DONAGH,STRAMORE,IRE_GRIFF_231_023.jpg,5,genuinely_missing,,,,,,,,,
MONAGHAN,TROUGH,DONAGH,GLANNAN,IRE_GRIFF_231_026.jpg,16,unflagged_total,,,,,8,False,Samuel Eakin,31 10 0,30 5 0
MONAGHAN,TROUGH,DONAGH,SILLIS,IRE_GRIFF_231_045.jpg,3,genuinely_missing,,,,,,,,,
MONAGHAN,TROUGH,ERRIGAL TROUGH,BRACKAGH,IRE_GRIFF_231_054.jpg,17,genuinely_missing,,,,,,,,,
MONAGHAN,MONAGHAN,TEDAVNET,GLASDRUMMAN,IRE_GRIFF_231_075.jpg,8,genuinely_missing,,,,,,,,,
MONAGHAN,MONAGHAN,TEDAVNET,DRUMDESCO,IRE_GRIFF_231_085.jpg,19,genuinely_missing,,,,,,,,,
MONAGHAN,MONAGHAN,TEDAVNET,SHEE,IRE_GRIFF_231_109.jpg,3,unflagged_total,,,,,0,False,"Owen Brady (James),",9 15 0,17 10 0
MONAGHAN,MONAGHAN,CLONES,MULLADUFF,IRE_GRIFF_231_126.jpg,20,genuinely_missing,,,,,,,,,
MONAGHAN,MONAGHAN,DRUMSNAT,COOLCORRAGH,IRE_GRIFF_231_134.jpg,11,genuinely_missing,,,,,,,,,
MONAGHAN,MONAGHAN,DRUMSNAT,DRUMSHEENY,IRE_GRIFF_231_136.jpg,24,genuinely_missing,,,,,,,,,
MONAGHAN,MONAGHAN,KILMORE,SLIEVEROE,IRE_GRIFF_231_148.jpg,7,genuinely_missing,,,,,,,,,
MONAGHAN,MONAGHAN,TULLYCORBET,CORDOOLOUGH,IRE_GRIFF_231_169.jpg,28,genuinely_missing,,,,,,,,,
MONAGHAN,MONAGHAN,TEHALLAN,DRUMAGELVIN,IRE_GRIFF_231_190.jpg,31,genuinely_missing,,,,,,,,,
MONAGHAN,MONAGHAN,MONAGHAN,RAKEERAGH,IRE_GRIFF_231_199.jpg,7,genuinely_missing,,,,,,,,,
MONAGHAN,MONAGHAN,MONAGHAN,BEAGH (KEARNS),IRE_GRIFF_231_207.jpg,10,unflagged_total,,,,,6,False,Henry Haffy,14 5 0,25 5 0
MONAGHAN,MONAGHAN,MONAGHAN,FERAGH,IRE_GRIFF_231_209.jpg,3,genuinely_missing,,,,,,,,,
MONAGHAN,MONAGHAN,MONAGHAN,KILLYGOWAN,IRE_GRIFF_231_222.jpg,31,genuinely_missing,,,,,,,,,
MONAGHAN,MONAGHAN,MONAGHAN,MULLAGHMATT,IRE_GRIFF_231_224.jpg,2,tiny_segment,,,,,,,,,
MONAGHAN,MONAGHAN,MONAGHAN,ROOSEY,"IRE_GRIFF_231_231.jpg,IRE_GRIFF_231_232.jpg,IRE_GRIFF_231_233.jpg,IRE_GRIFF_231_234.jpg,IRE_GRIFF_231_235.jpg",214,genuinely_missing,,,,,,,,,
MONAGHAN,MONAGHAN,MONAGHAN,TOWN OF MONAGHAN,IRE_GRIFF_231_236.jpg,66,genuinely_missing,,,,,,,,,
MONAGHAN,DARTREE,KILLEEVAN,DOOSKY,IRE_GRIFF_231_282.jpg,3,unflagged_total,,,,,0,False,Owen Smith,20 10 0,23 0 0
QUEEN'S,CULLENAGH,ABBEYLEIX,LISBIGNEY,IRE_GRIFF_236_021.jpg,25,genuinely_missing,,,,,,,,,
QUEEN'S,CULLENAGH,BALLYROAN,MOUNTEAGLE,IRE_GRIFF_236_038.jpg,4,unflagged_total,,,,,2,False,James Lalor,5 0 0,7 0 0
QUEEN'S,CULLENAGH,DYSARTGALLEN,BOLEYBEG,IRE_GRIFF_236_049.jpg,21,genuinely_missing,,,,,,,,,
QUEEN'S,CULLENAGH,DYSARTGALLEN,KILCRONAN,IRE_GRIFF_236_055.jpg,41,genuinely_missing,,,,,,,,,
QUEEN'S,CULLENAGH,DYSARTGALLEN,TOWN OF BALLINAKILL (part of),IRE_GRIFF_236_055.jpg,22,genuinely_missing,,,,,,,,,
QUEEN'S,"MARYBOROUGH, EAST",BORRIS,CLONMINAM,IRE_GRIFF_237_013.jpg,16,unflagged_total,,,,,3,False,Board of Ordnance,70 15 0,44 17 0
QUEEN'S,"MARYBOROUGH, EAST",BORRIS,KNOCKMAY,IRE_GRIFF_237_015.jpg,4,unflagged_total,,,,,1,False,William Jessop,23 0 0,19 9 0
QUEEN'S,"MARYBOROUGH, EAST",BORRIS,RATHNAMANAGH,IRE_GRIFF_237_030.jpg,9,genuinely_missing,,,,,,,,,
QUEEN'S,"MARYBOROUGH, EAST",CLONENAGH & CLONAGHEEN,ROSS,IRE_GRIFF_237_036.jpg,23,unflagged_total,,,,,5,False,William Kelly,101 0 0,155 4 0
QUEEN'S,PORTNAHINCH,ARDEA,CLONCOSNEY,IRE_GRIFF_238_017.jpg,2,tiny_segment,,,,,,,,,
QUEEN'S,PORTNAHINCH,ARDEA,PORTNAHINCH,IRE_GRIFF_238_025.jpg,6,genuinely_missing,,,,,,,,,
QUEEN'S,PORTNAHINCH,LEA,BELIN,IRE_GRIFF_238_045.jpg,2,tiny_segment,,,,,,,,,
QUEEN'S,PORTNAHINCH,LEA,COOLTEDERY,"IRE_GRIFF_238_048.jpg,IRE_GRIFF_238_049.jpg,IRE_GRIFF_238_050.jpg",118,genuinely_missing,,,,,,,,,
QUEEN'S,PORTNAHINCH,LEA,TOWN OF PORTARLINGTON (Part of),IRE_GRIFF_238_050.jpg,15,genuinely_missing,,,,,,,,,
QUEEN'S,PORTNAHINCH,LEA,BRACKLONE-STREET,IRE_GRIFF_238_055.jpg,51,genuinely_missing,,,,,,,,,
QUEEN'S,PORTNAHINCH,LEA,COURTWOOD,IRE_GRIFF_238_056.jpg,4,unflagged_total,,,,,2,False,Thomas Clear,15 5 0,11 0 0
QUEEN'S,SLIEVEMARGY,KILLABBAN,BALLYNAGALL,IRE_GRIFF_239_014.jpg,13,unflagged_total,,,,,3,False,Bryan Kelly,54 10 0,84 2 0
QUEEN'S,SLIEVEMARGY,KILLABBAN,COONBEG,IRE_GRIFF_239_021.jpg,4,genuinely_missing,,,,,,,,,
QUEEN'S,SLIEVEMARGY,KILLESHIN,CROSSNEEN,IRE_GRIFF_239_041.jpg,6,genuinely_missing,,,,,,,,,
QUEEN'S,TINNAHINCH,CASTLEBRACK,LACKAMORE,IRE_GRIFF_241_014.jpg,12,unflagged_total,,,,,0,False,"Bartholomew Meredith,",44 10 0,22 10 0
QUEEN'S,TINNAHINCH,KILMANMAN,DERRY,IRE_GRIFF_241_030.jpg,6,unflagged_total,,,,,2,False,"Robert Corbett, Esq.",15 0 0,21 5 0
QUEEN'S,TINNAHINCH,KILMANMAN,SCARROON,IRE_GRIFF_241_035.jpg,12,unflagged_total,,,,,0,False,"Francis P. Dunne, Esq.",24 0 0,35 12 0
QUEEN'S,TINNAHINCH,ROSENALLIS,CAPARD,IRE_GRIFF_241_052.jpg,2,tiny_segment,,,,,,,,,
QUEEN'S,TINNAHINCH,ROSENALLIS,TOWNPARKS,IRE_GRIFF_241_068.jpg,67,genuinely_missing,,,,,,,,,
QUEEN'S,TINNAHINCH,ROSENALLIS,MOUNTMELLICK (Part of),"IRE_GRIFF_241_069.jpg,IRE_GRIFF_241_070.jpg,IRE_GRIFF_241_071.jpg,IRE_GRIFF_241_072.jpg",237,genuinely_missing,,,,,,,,,
QUEEN'S,"MARYBOROUGH, WEST",CLONENAGH & CLONAGHEEN,CAPPAGH SOUTH,IRE_GRIFF_243_017.jpg,2,tiny_segment,,,,,,,,,
QUEEN'S,"MARYBOROUGH, WEST",CLONENAGH & CLONAGHEEN,CLONKEEN,IRE_GRIFF_243_029.jpg,51,genuinely_missing,,,,,,,,,
QUEEN'S,"MARYBOROUGH, WEST",CLONENAGH & CLONAGHEEN,COOLNACARTAN,IRE_GRIFF_243_033.jpg,4,genuinely_missing,,,,,,,,,
QUEEN'S,"MARYBOROUGH, WEST",CLONENAGH & CLONAGHEEN,DYSARTBEAGH,IRE_GRIFF_243_039.jpg,59,genuinely_missing,,,,,,,,,
QUEEN'S,"MARYBOROUGH, WEST",CLONENAGH & CLONAGHEEN,IRY,IRE_GRIFF_243_043.jpg,4,unflagged_total,,,,,3,True,George Broomfield,55 0 0,41 5 0
QUEEN'S,"MARYBOROUGH, WEST",CLONENAGH & CLONAGHEEN,OLDTOWN,IRE_GRIFF_243_056.jpg,20,unflagged_total,,,,,0,False,George Seale,57 5 0,98 7 0
SLIGO,CORRAN,TOOMOUR,DERRYGOLAGH,IRE_GRIFF_251_067.jpg,30,genuinely_missing,,,,,,,,,
SLIGO,TIRERAGH,EASKY,FINNED,IRE_GRIFF_252_015.jpg,2,tiny_segment,,,,,,,,,
SLIGO,TIRERAGH,EASKY,BALLYMEENY ARMSTRONG,IRE_GRIFF_252_025.jpg,32,genuinely_missing,,,,,,,,,
SLIGO,TIRERAGH,KILGLASS,LACKAN,IRE_GRIFF_252_033.jpg,13,unflagged_total,,,,,0,False,Edward Howley,124 0 0,90 5 0
SLIGO,TIRERAGH,CASTLECONOR,COTTLESTOWN,IRE_GRIFF_252_047.jpg,8,unflagged_total,,,,,1,False,Hugh Rooney,252 0 0,240 15 0
SLIGO,CARBURY,AHAMLISH,KILKILLOGE,IRE_GRIFF_253_014.jpg,47,genuinely_missing,,,,,,,,,
SLIGO,CARBURY,AHAMLISH,DRUMFAD,IRE_GRIFF_253_024.jpg,9,genuinely_missing,,,,,,,,,
SLIGO,CARBURY,AHAMLISH,STREEDAGH,IRE_GRIFF_253_042.jpg,44,genuinely_missing,,,,,,,,,
SLIGO,CARBURY,DRUMCLIFF,DOONFORE,IRE_GRIFF_253_055.jpg,59,genuinely_missing,,,,,,,,,
SLIGO,CARBURY,DRUMCLIFF,BALLINVOEHER (part of),IRE_GRIFF_253_081.jpg,8,genuinely_missing,,,,,,,,,
SLIGO,CARBURY,DRUMCLIFF,"SLIGO BAY, ADJOINING TOWNLAND OF BALLYWEELIN",IRE_GRIFF_253_082.jpg,1,tiny_segment,,,,,,,,,
SLIGO,CARBURY,DRUMCLIFF,CREGGYCONNELL,IRE_GRIFF_253_082.jpg,13,genuinely_missing,,,,,,,,,
SLIGO,CARBURY,CALRY,BALLYNAMONA,IRE_GRIFF_253_093.jpg,9,genuinely_missing,,,,,,,,,
SLIGO,CARBURY,CALRY,COLGAGH,IRE_GRIFF_253_095.jpg,10,genuinely_missing,,,,,,,,,
SLIGO,CARBURY,ST JOHN,FINISKLIN (pt. of),IRE_GRIFF_253_100.jpg,15,genuinely_missing,,,,,,,,,
SLIGO,CARBURY,ST JOHN,"DERRYDARRAGH, on OAKFIELD",IRE_GRIFF_253_102.jpg,15,genuinely_missing,,,,,,,,,
SLIGO,CARBURY,KILLASPUGBRONE,BARNASRAHY,IRE_GRIFF_253_113.jpg,10,genuinely_missing,,,,,,,,,
SLIGO,CARBURY,KILLASPUGBRONE,LARASS OR STRANDHILL,IRE_GRIFF_253_117.jpg,66,genuinely_missing,,,,,,,,,
SLIGO,CARBURY,CALRY,BALLYTIVNAN (part of),IRE_GRIFF_253_132.jpg,2,tiny_segment,,,,,,,,,
SLIGO,CARBURY,CALRY,RATHQUARTER,"IRE_GRIFF_253_134.jpg,IRE_GRIFF_253_135.jpg",59,genuinely_missing,,,,,,,,,
SLIGO,CARBURY,CALRY,TOWN OF SLIGO,"IRE_GRIFF_253_136.jpg,IRE_GRIFF_253_137.jpg,IRE_GRIFF_253_138.jpg,IRE_GRIFF_253_139.jpg,IRE_GRIFF_253_140.jpg",302,genuinely_missing,,,,,,,,,
SLIGO,CARBURY,CALRY,SLIGO,IRE_GRIFF_253_141.jpg,52,genuinely_missing,,,,,,,,,
SLIGO,CARBURY,CALRY,RATHQUARTER,IRE_GRIFF_253_142.jpg,56,genuinely_missing,,,,,,,,,
SLIGO,CARBURY,GARVOGE RIVER,"GARVOGE RIVER, ADJOINING TOWNLAND OF RATHQUARTER",IRE_GRIFF_253_143.jpg,2,tiny_segment,,,,,,,,,
SLIGO,CARBURY,ST JOHN,FINISKLIN (part of),IRE_GRIFF_253_143.jpg,1,tiny_segment,,,,,,,,,
SLIGO,CARBURY,ST JOHN,KNAPPAGH BEG,IRE_GRIFF_253_151.jpg,19,genuinely_missing,,,,,,,,,
SLIGO,CARBURY,ST JOHN,MAGHERABOY,"IRE_GRIFF_253_157.jpg,IRE_GRIFF_253_158.jpg",76,genuinely_missing,,,,,,,,,
SLIGO,CARBURY,ST JOHN,SLIGO,IRE_GRIFF_253_158.jpg,13,genuinely_missing,,,,,,,,,
SLIGO,CARBURY,ST JOHN,MAGHERABOY,"IRE_GRIFF_253_159.jpg,IRE_GRIFF_253_160.jpg",101,genuinely_missing,,,,,,,,,
SLIGO,CARBURY,ST JOHN,CALTRAGH,"IRE_GRIFF_253_163.jpg,IRE_GRIFF_253_164.jpg,IRE_GRIFF_253_165.jpg",133,genuinely_missing,,,,,,,,,
SLIGO,CARBURY,ST JOHN,KNOCKNAGANNY,"IRE_GRIFF_253_166.jpg,IRE_GRIFF_253_167.jpg",24,genuinely_missing,,,,,,,,,
SLIGO,CARBURY,ST JOHN,TOWN OF SLIGO,IRE_GRIFF_253_167.jpg,37,genuinely_missing,,,,,,,,,
SLIGO,CARBURY,ST JOHN,KEECENAGANNT,IRE_GRIFF_253_168.jpg,59,genuinely_missing,,,,,,,,,
SLIGO,CARBURY,ST JOHN,CORNAGEEHA (part of),IRE_GRIFF_253_169.jpg,5,genuinely_missing,,,,,,,,,
SLIGO,CARBURY,ST JOHN,ISLANDS IN LOUGH GILL,IRE_GRIFF_253_173.jpg,1,tiny_segment,,,,,,,,,
SLIGO,CARBURY,ST JOHN,KNOCKNAGANNY (pt.of),"IRE_GRIFF_253_173.jpg,IRE_GRIFF_253_174.jpg,IRE_GRIFF_253_175.jpg",162,genuinely_missing,,,,,,,,,
SLIGO,CARBURY,ST JOHN,TOWN OF SLIGO,IRE_GRIFF_253_176.jpg,61,genuinely_missing,,,,,,,,,
SLIGO,CARBURY,ST JOHN,"ABBEYQUARTER, SOUTH",IRE_GRIFF_253_177.jpg,26,genuinely_missing,,,,,,,,,
SLIGO,CARBURY,ST JOHN,TOWN OF SLIGO,IRE_GRIFF_253_177.jpg,5,genuinely_missing,,,,,,,,,
SLIGO,CARBURY,ST JOHN,"ABBEYQUARTER, SOUTH",IRE_GRIFF_253_180.jpg,54,genuinely_missing,,,,,,,,,
SLIGO,CARBURY,ST JOHN,TOWN OF SLIGO,IRE_GRIFF_253_182.jpg,48,genuinely_missing,,,,,,,,,
SLIGO,CARBURY,ST JOHN,"ABBEYQUARTER, NORTH.",IRE_GRIFF_253_183.jpg,33,genuinely_missing,,,,,,,,,
SLIGO,LEYNY,BALLYSADARE,LARGAN,IRE_GRIFF_253_196.jpg,8,genuinely_missing,,,,,,,,,
SLIGO,LEYNY,BALLYSADARE,KNOCKMULDONEY,IRE_GRIFF_253_198.jpg,18,unflagged_total,,,,,17,True,Edward J. Cooper,35 0 0,37 6 0
SLIGO,LEYNY,BALLYSADARE,TOWN OF BALLYSADARE (part of),IRE_GRIFF_253_198.jpg,5,unflagged_total,,,,,4,True,Andrew O'Hara,1 15 0,2 0 0
SLIGO,TIRERRILL,BALLYSADARE,"KNOCKBEG, EAST",IRE_GRIFF_253_207.jpg,6,unflagged_total,,,,,5,True,"John Barber,",72 0 0,68 0 0
SLIGO,TIRERRILL,KILMACALLAN,ROSMORE,IRE_GRIFF_253_250.jpg,17,unflagged_total,,,,,0,False,"Henry M'Loughry,",53 0 0,80 5 0
SLIGO,TIRERRILL,KILMACALLAN,CARTRONROE,IRE_GRIFF_253_255.jpg,3,genuinely_missing,,,,,,,,,
SLIGO,CORRAN,EMLAGHFAD,CARRIGEENMORE,IRE_GRIFF_253_284.jpg,22,genuinely_missing,,,,,,,,,
SLIGO,LEYNY,AGHONRY,CORSALLAGH,IRE_GRIFF_254_036.jpg,14,genuinely_missing,,,,,,,,,
SLIGO,LEYNY,KILMACTEIGE,CREEGHASSAUN,IRE_GRIFF_254_123.jpg,4,genuinely_missing,,,,,,,,,
TIPPERARY,MIDDLETHIRD,FETHARD,FETHARD,"IRE_GRIFF_260_069.jpg,IRE_GRIFF_260_070.jpg,IRE_GRIFF_260_071.jpg,IRE_GRIFF_260_072.jpg,IRE_GRIFF_260_073.jpg,IRE_GRIFF_260_074.jpg",306,genuinely_missing,,,,,,,,,
TIPPERARY,MIDDLETHIRD,FETHARD,ABBEY-STREET,IRE_GRIFF_260_074.jpg,50,genuinely_missing,,,,,,,,,
TIPPERARY,MIDDLETHIRD,FETHARD,FETHARD,"IRE_GRIFF_260_075.jpg,IRE_GRIFF_260_076.jpg",132,genuinely_missing,,,,,,,,,
TIPPERARY,MIDDLETHIRD,FETHARD,THE ROCK,IRE_GRIFF_260_076.jpg,9,genuinely_missing,,,,,,,,,
TIPPERARY,MIDDLETHIRD,FETHARD,GARRINCH,IRE_GRIFF_260_083.jpg,18,genuinely_missing,,,,,,,,,
TIPPERARY,MIDDLETHIRD,MORA,GRAIGUE,IRE_GRIFF_260_125.jpg,4,genuinely_missing,,,,,,,,,
TIPPERARY,MIDDLETHIRD,ST JOHN BAPTIST,WALLER'S-LOT,IRE_GRIFF_260_170.jpg,28,genuinely_missing,,,,,,,,,
TIPPERARY,MIDDLETHIRD,ST JOHN BAPTIST,TOWN OF CASHEL,IRE_GRIFF_260_170.jpg,4,unflagged_total,,,,,3,True,4 James Dermody,2 11 0,3 5 0
TIPPERARY,MIDDLETHIRD,ST PATRICKSROCK,ST. PATRICK'S ROCK,IRE_GRIFF_260_188.jpg,46,genuinely_missing,,,,,,,,,
TIPPERARY,ELIOGARTY,FERTIANA,"GALBERTSTOWN, LR.",IRE_GRIFF_262_022.jpg,9,genuinely_missing,,,,,,,,,
TIPPERARY,ELIOGARTY,"LOUGHMOE, EAST",BARONSTOWN,IRE_GRIFF_262_042.jpg,4,unflagged_total,,,,,3,True,Timothy Gleeson,37 5 0,51 10 0
TIPPERARY,ELIOGARTY,TEMPLEMORE,BALLYCAHILL,IRE_GRIFF_262_075.jpg,13,genuinely_missing,,,,,,,,,
TIPPERARY,ELIOGARTY,THURLES,STRADAVOHER,"IRE_GRIFF_262_105.jpg,IRE_GRIFF_262_106.jpg,IRE_GRIFF_262_107.jpg",158,genuinely_missing,,,,,,,,,
TIPPERARY,ELIOGARTY,THURLES,LANE SOUTH OF STRADAVOHER ROAD,IRE_GRIFF_262_107.jpg,2,tiny_segment,,,,,,,,,
TIPPERARY,ELIOGARTY,THURLES,WRENSBOROUGH,IRE_GRIFF_262_123.jpg,10,unflagged_total,,,,,1,False,John Mihan,29 19 0,33 8 0
TIPPERARY,IKERRIN,KILLAVINOGE,SHANAKILL,IRE_GRIFF_263_052.jpg,2,tiny_segment,,,,,,,,,
TIPPERARY,IKERRIN,ROSCREA,GLENTARA,IRE_GRIFF_263_075.jpg,7,unflagged_total,,,,,0,False,"Wm. Smallman, Esq.",20 15 0,15 5 0
TIPPERARY,IKERRIN,ROSCREA,RAHEENS,IRE_GRIFF_263_081.jpg,9,unflagged_total,,,,,0,False,John Talbot,18 15 0,34 5 0
TIPPERARY,IKERRIN,ROSCREA,TOWNPARKS,"IRE_GRIFF_263_083.jpg,IRE_GRIFF_263_084.jpg,IRE_GRIFF_263_085.jpg,IRE_GRIFF_263_086.jpg,IRE_GRIFF_263_087.jpg,IRE_GRIFF_263_088.jpg,IRE_GRIFF_263_089.jpg,IRE_GRIFF_263_090.jpg,IRE_GRIFF_263_091.jpg,IRE_GRIFF_263_092.jpg",572,genuinely_missing,,,,,,,,,
TIPPERARY,IKERRIN,ROSCREA,BORRISNOLASS,IRE_GRIFF_263_092.jpg,51,genuinely_missing,,,,,,,,,
TIPPERARY,IKERRIN,TEMPLEREE,BALLINROE,IRE_GRIFF_263_104.jpg,57,genuinely_missing,,,,,,,,,
TIPPERARY,CLANWILLIAM,BRUIS,BALLYNAMROSSAGH,IRE_GRIFF_296_017.jpg,6,unflagged_total,,,,,0,False,"Simon Lowe, Esq.",122 15 0,125 0 0
TIPPERARY,CLANWILLIAM,CLONBEG,STONEPARK,IRE_GRIFF_296_035.jpg,51,genuinely_missing,,,,,,,,,
TIPPERARY,CLANWILLIAM,EMLY,DUNCUMMIN,IRE_GRIFF_296_089.jpg,35,genuinely_missing,,,,,,,,,
TIPPERARY,CLANWILLIAM,EMLY,GORTVUNATRIME,IRE_GRIFF_296_093.jpg,2,tiny_segment,,,,,,,,,
TIPPERARY,CLANWILLIAM,RATHLYNIN,DONASKEAGH,IRE_GRIFF_296_134.jpg,20,genuinely_missing,,,,,,,,,
TIPPERARY,CLANWILLIAM,RELICKMURRY & ATHASSEL,BAWNBRACK,IRE_GRIFF_296_142.jpg,23,genuinely_missing,,,,,,,,,
TIPPERARY,CLANWILLIAM,RELICKMURRY & ATHASSEL,HOOPS-LOT,IRE_GRIFF_296_147.jpg,8,unflagged_total,,,,,0,False,Courtroph Clayton,23 10 0,15 2 0
TIPPERARY,CLANWILLIAM,RELICKMURRY & ATHASSEL,VILLAGE OF GOLDEN,IRE_GRIFF_296_147.jpg,22,genuinely_missing,,,,,,,,,
TIPPERARY,CLANWILLIAM,RELICKMURRY & ATHASSEL,THE GREEN,IRE_GRIFF_296_147.jpg,6,genuinely_missing,,,,,,,,,
TIPPERARY,CLANWILLIAM,TEMPLENEIRY,BALLYDAVID,IRE_GRIFF_296_180.jpg,11,genuinely_missing,,,,,,,,,
TIPPERARY,CLANWILLIAM,TIPPERARY,CARROWNREDDY,IRE_GRIFF_296_209.jpg,35,genuinely_missing,,,,,,,,,
TIPPERARY,CLANWILLIAM,TIPPERARY,TOWN OF TIPPERARY,IRE_GRIFF_296_209.jpg,3,unflagged_total,,,,,2,True,"John Acry,",6 0 0,9 0 0
TIPPERARY,CLANWILLIAM,TIPPERARY,CARROWNREDDY,"IRE_GRIFF_296_210.jpg,IRE_GRIFF_296_211.jpg,IRE_GRIFF_296_212.jpg,IRE_GRIFF_296_213.jpg",216,genuinely_missing,,,,,,,,,
TIPPERARY,CLANWILLIAM,TIPPERARY,DONOHILL-ROAD,IRE_GRIFF_296_213.jpg,28,genuinely_missing,,,,,,,,,
CORK,FERMOY,DONERAILE,DONERAILE,IRE_GRIFF_299_010.jpg,2,tiny_segment,,,,,,,,,
CORK,FERMOY,GLANWORTH,GLANWORTH,IRE_GRIFF_299_010.jpg,1,tiny_segment,,,,,,,,,
CORK,FERMOY,KILCRUMPER,BALLYVOSKILLAKEEN,IRE_GRIFF_299_010.jpg,1,tiny_segment,,,,,,,,,
CORK,FERMOY,MALLOW,MALLOW,IRE_GRIFF_299_010.jpg,3,unflagged_total,,,,,2,True,"The Hon. Board of Ordnance,",55 0 0,53 0 0
CORK,FERMOY,MONANIMY,BALLYMACMOY,IRE_GRIFF_299_010.jpg,1,tiny_segment,,,,,,,,,
CORK,FERMOY,CAHERDUGGAN,CAHERDUGGAN NORTH,IRE_GRIFF_299_038.jpg,10,genuinely_missing,,,,,,,,,
CORK,FERMOY,CASTLETOWNROCHE,LISNAGOORNEEN,IRE_GRIFF_299_055.jpg,7,genuinely_missing,,,,,,,,,
CORK,FERMOY,DONERAILE,GARRYHINTOGE,IRE_GRIFF_299_080.jpg,4,unflagged_total,,,,,2,False,"John Heafy,",53 15 0,29 11 0
CORK,FERMOY,KILCUMMER,KILCUMMER UP.,IRE_GRIFF_299_120.jpg,34,split_segment,prev,KILCUMMER L.R.,0.818,2,,,,,
CORK,FERMOY,KILLATHY,GURTEEN,IRE_GRIFF_299_128.jpg,4,unflagged_total,,,,,1,False,Mrs. Mary Campion,70 15 0,43 5 0
CORK,FERMOY,MALLOW,SPAGLEN,IRE_GRIFF_299_165.jpg,24,genuinely_missing,,,,,,,,,
CORK,FERMOY,MONANIMY,MONANIMY LR.,IRE_GRIFF_299_173.jpg,19,unflagged_total,,,,,9,False,"William Barry,",168 10 0,232 2 0
CORK,FERMOY,RAHAN,DROMRAHAN,IRE_GRIFF_299_180.jpg,5,genuinely_missing,,,,,,,,,
MEATH,"DEECE, UPPER",MOYGLARE (PART OF),OWENSTOWN,IRE_GRIFF_315_011.jpg,2,tiny_segment,,,,,,,,,
